,_vatmc_code,measurement_tstamp,speed,reference_speed
0,110-05695,2015-04-01 00:00:00,31.0,31.0
1,110+05696,2015-04-01 00:00:00,32.0,32.0
2,110P05699,2015-04-01 00:00:00,36.0,36.0
3,110+05704,2015-04-01 00:00:00,50.0,50.0
4,110+05695,2015-04-01 00:00:00,31.0,31.0
5,110+05707,2015-04-01 00:00:00,48.0,48.0
6,110-05703,2015-04-01 00:00:00,50.0,50.0
7,110+05706,2015-04-01 00:00:00,48.0,48.0
8,110+05700,2015-04-01 00:00:00,40.0,40.0
9,110+05697,2015-04-01 00:00:00,42.0,36.0
10,110+05694,2015-04-01 00:00:00,31.0,31.0
11,110P05706,2015-04-01 00:00:00,48.0,48.0
12,110N05695,2015-04-01 00:00:00,33.0,33.0
13,110P05707,2015-04-01 00:00:00,45.0,45.0
14,110-05707,2015-04-01 00:00:00,50.0,50.0
15,110+05709,2015-04-01 00:00:00,47.0,47.0
16,110-05702,2015-04-01 00:00:00,48.0,48.0
17,110-05708,2015-04-01 00:00:00,48.0,48.0
18,110+05699,2015-04-01 00:00:00,35.0,35.0
19,110+05698,2015-04-01 00:00:00,35.0,35.0
20,110-05698,2015-04-01 00:00:00,33.77,30.0
21,110P05694,2015-04-01 00:00:00,31.0,31.0
22,110N05692,2015-04-01 00:00:00,33.0,33.0
23,110+05703,2015-04-01 00:00:00,48.0,48.0
24,110P05697,2015-04-01 00:00:00,39.0,35.0
25,110P05692,2015-04-01 00:00:00,29.0,29.0
26,110N05696,2015-04-01 00:00:00,25.0,25.0
27,110+05701,2015-04-01 00:00:00,42.0,42.0
28,110-05710,2015-04-01 00:00:00,44.0,44.0
29,110N05711,2015-04-01 00:00:00,44.0,44.0
30,110N05697,2015-04-01 00:00:00,32.0,32.0
31,110N05699,2015-04-01 00:00:00,36.0,36.0
32,110N05694,2015-04-01 00:00:00,30.0,30.0
33,110-05699,2015-04-01 00:00:00,40.0,40.0
34,110+05702,2015-04-01 00:00:00,47.0,47.0
35,110+05711,2015-04-01 00:00:00,41.0,41.0
36,110-05704,2015-04-01 00:00:00,50.0,50.0
37,110+05708,2015-04-01 00:00:00,45.0,45.0
38,110P05696,2015-04-01 00:00:00,42.0,31.0
39,110N05707,2015-04-01 00:00:00,50.0,50.0
40,110N05698,2015-04-01 00:00:00,33.77,30.0
41,110-05693,2015-04-01 00:00:00,30.0,30.0
42,110N05706,2015-04-01 00:00:00,41.0,41.0
43,110-05697,2015-04-01 00:00:00,33.77,30.0
44,110+05693,2015-04-01 00:00:00,31.0,31.0
45,110-05705,2015-04-01 00:00:00,50.0,50.0
46,110-05706,2015-04-01 00:00:00,48.0,48.0
47,110P05710,2015-04-01 00:00:00,49.0,49.0
48,110N05710,2015-04-01 00:00:00,49.0,49.0
49,110-05701,2015-04-01 00:00:00,47.0,47.0
50,110P05695,2015-04-01 00:00:00,35.0,35.0
51,110+05705,2015-04-01 00:00:00,48.0,48.0
52,110-05709,2015-04-01 00:00:00,48.0,48.0
53,110P05708,2015-04-01 00:00:00,43.0,43.0
54,110+05710,2015-04-01 00:00:00,48.0,48.0
55,110-05696,2015-04-01 00:00:00,29.0,29.0
56,110-05694,2015-04-01 00:00:00,31.0,31.0
57,110P05698,2015-04-01 00:00:00,35.0,35.0
58,110-05700,2015-04-01 00:00:00,43.0,43.0
59,110+05707,2015-04-01 00:05:00,48.0,48.0
60,110-05704,2015-04-01 00:05:00,50.0,50.0
61,110N05706,2015-04-01 00:05:00,41.0,41.0
62,110+05709,2015-04-01 00:05:00,47.0,47.0
63,110N05699,2015-04-01 00:05:00,36.0,36.0
64,110-05696,2015-04-01 00:05:00,29.0,29.0
65,110+05706,2015-04-01 00:05:00,48.0,48.0
66,110+05697,2015-04-01 00:05:00,42.0,36.0
67,110N05695,2015-04-01 00:05:00,33.0,33.0
68,110+05711,2015-04-01 00:05:00,41.0,41.0
69,110+05702,2015-04-01 00:05:00,47.0,47.0
70,110P05696,2015-04-01 00:05:00,42.0,31.0
71,110N05707,2015-04-01 00:05:00,50.0,50.0
72,110+05698,2015-04-01 00:05:00,35.0,35.0
73,110-05695,2015-04-01 00:05:00,31.0,31.0
74,110N05698,2015-04-01 00:05:00,30.0,30.0
75,110+05696,2015-04-01 00:05:00,32.0,32.0
76,110-05703,2015-04-01 00:05:00,50.0,50.0
77,110N05697,2015-04-01 00:05:00,32.0,32.0
78,110-05708,2015-04-01 00:05:00,48.0,48.0
79,110P05699,2015-04-01 00:05:00,36.0,36.0
80,110N05694,2015-04-01 00:05:00,30.0,30.0
81,110+05699,2015-04-01 00:05:00,35.0,35.0
82,110+05708,2015-04-01 00:05:00,45.0,45.0
83,110-05698,2015-04-01 00:05:00,30.0,30.0
84,110-05705,2015-04-01 00:05:00,50.0,50.0
85,110-05706,2015-04-01 00:05:00,48.0,48.0
86,110P05692,2015-04-01 00:05:00,29.0,29.0
87,110N05696,2015-04-01 00:05:00,25.0,25.0
88,110+05705,2015-04-01 00:05:00,48.0,48.0
89,110+05703,2015-04-01 00:05:00,48.0,48.0
90,110+05695,2015-04-01 00:05:00,31.0,31.0
91,110N05710,2015-04-01 00:05:00,49.0,49.0
92,110P05694,2015-04-01 00:05:00,31.0,31.0
93,110P05710,2015-04-01 00:05:00,49.0,49.0
94,110-05700,2015-04-01 00:05:00,43.0,43.0
95,110-05702,2015-04-01 00:05:00,48.0,48.0
96,110-05707,2015-04-01 00:05:00,50.0,50.0
97,110-05699,2015-04-01 00:05:00,40.0,40.0
98,110-05693,2015-04-01 00:05:00,30.0,30.0
99,110-05709,2015-04-01 00:05:00,48.0,48.0
100,110N05692,2015-04-01 00:05:00,33.0,33.0
101,110P05707,2015-04-01 00:05:00,45.0,45.0
102,110P05697,2015-04-01 00:05:00,39.0,35.0
103,110-05694,2015-04-01 00:05:00,31.0,31.0
104,110N05711,2015-04-01 00:05:00,44.0,44.0
105,110P05706,2015-04-01 00:05:00,48.0,48.0
106,110-05710,2015-04-01 00:05:00,44.0,44.0
107,110-05697,2015-04-01 00:05:00,30.0,30.0
108,110-05701,2015-04-01 00:05:00,47.0,47.0
109,110P05708,2015-04-01 00:05:00,43.0,43.0
110,110+05704,2015-04-01 00:05:00,50.0,50.0
111,110+05694,2015-04-01 00:05:00,31.0,31.0
112,110+05710,2015-04-01 00:05:00,48.0,48.0
113,110+05701,2015-04-01 00:05:00,42.0,42.0
114,110P05695,2015-04-01 00:05:00,35.0,35.0
115,110+05700,2015-04-01 00:05:00,40.0,40.0
116,110P05698,2015-04-01 00:05:00,35.0,35.0
117,110+05693,2015-04-01 00:05:00,31.0,31.0
118,110-05698,2015-04-01 00:10:00,30.0,30.0
119,110P05694,2015-04-01 00:10:00,31.0,31.0
120,110N05692,2015-04-01 00:10:00,33.0,33.0
121,110N05706,2015-04-01 00:10:00,41.0,41.0
122,110-05693,2015-04-01 00:10:00,30.0,30.0
123,110P05710,2015-04-01 00:10:00,49.0,49.0
124,110-05704,2015-04-01 00:10:00,50.0,50.0
125,110+05699,2015-04-01 00:10:00,35.0,35.0
126,110+05701,2015-04-01 00:10:00,42.0,42.0
127,110P05706,2015-04-01 00:10:00,48.0,48.0
128,110+05707,2015-04-01 00:10:00,48.0,48.0
129,110-05696,2015-04-01 00:10:00,29.0,29.0
130,110-05707,2015-04-01 00:10:00,50.0,50.0
131,110N05694,2015-04-01 00:10:00,30.0,30.0
132,110P05707,2015-04-01 00:10:00,45.0,45.0
133,110+05709,2015-04-01 00:10:00,47.0,47.0
134,110+05694,2015-04-01 00:10:00,31.0,31.0
135,110-05695,2015-04-01 00:10:00,31.0,31.0
136,110+05700,2015-04-01 00:10:00,40.0,40.0
137,110-05699,2015-04-01 00:10:00,40.0,40.0
138,110+05706,2015-04-01 00:10:00,48.0,48.0
139,110-05694,2015-04-01 00:10:00,31.0,31.0
140,110N05697,2015-04-01 00:10:00,32.0,32.0
141,110P05708,2015-04-01 00:10:00,43.0,43.0
142,110-05708,2015-04-01 00:10:00,48.0,48.0
143,110P05695,2015-04-01 00:10:00,35.0,35.0
144,110P05692,2015-04-01 00:10:00,29.0,29.0
145,110N05707,2015-04-01 00:10:00,50.0,50.0
146,110+05711,2015-04-01 00:10:00,56.0,41.0
147,110-05706,2015-04-01 00:10:00,48.0,48.0
148,110N05695,2015-04-01 00:10:00,33.0,33.0
149,110N05699,2015-04-01 00:10:00,36.0,36.0
150,110-05701,2015-04-01 00:10:00,47.0,47.0
151,110+05704,2015-04-01 00:10:00,50.0,50.0
152,110+05698,2015-04-01 00:10:00,35.0,35.0
153,110P05698,2015-04-01 00:10:00,35.0,35.0
154,110P05697,2015-04-01 00:10:00,39.0,35.0
155,110+05696,2015-04-01 00:10:00,32.0,32.0
156,110-05709,2015-04-01 00:10:00,48.0,48.0
157,110+05693,2015-04-01 00:10:00,31.0,31.0
158,110+05697,2015-04-01 00:10:00,42.0,36.0
159,110+05705,2015-04-01 00:10:00,48.0,48.0
160,110-05703,2015-04-01 00:10:00,50.0,50.0
161,110N05710,2015-04-01 00:10:00,49.0,49.0
162,110P05696,2015-04-01 00:10:00,42.0,31.0
163,110-05697,2015-04-01 00:10:00,30.0,30.0
164,110N05711,2015-04-01 00:10:00,44.0,44.0
165,110+05695,2015-04-01 00:10:00,31.0,31.0
166,110-05710,2015-04-01 00:10:00,44.0,44.0
167,110+05703,2015-04-01 00:10:00,48.0,48.0
168,110P05699,2015-04-01 00:10:00,36.0,36.0
169,110+05702,2015-04-01 00:10:00,47.0,47.0
170,110N05698,2015-04-01 00:10:00,30.0,30.0
171,110N05696,2015-04-01 00:10:00,25.0,25.0
172,110+05708,2015-04-01 00:10:00,45.0,45.0
173,110-05702,2015-04-01 00:10:00,48.0,48.0
174,110+05710,2015-04-01 00:10:00,48.0,48.0
175,110-05700,2015-04-01 00:10:00,43.0,43.0
176,110-05705,2015-04-01 00:10:00,50.0,50.0
177,110P05697,2015-04-01 00:15:00,39.0,35.0
178,110+05702,2015-04-01 00:15:00,47.0,47.0
179,110-05706,2015-04-01 00:15:00,48.0,48.0
180,110P05699,2015-04-01 00:15:00,36.0,36.0
181,110+05697,2015-04-01 00:15:00,42.0,36.0
182,110-05703,2015-04-01 00:15:00,50.0,50.0
183,110-05700,2015-04-01 00:15:00,43.0,43.0
184,110+05695,2015-04-01 00:15:00,31.0,31.0
185,110-05705,2015-04-01 00:15:00,50.0,50.0
186,110N05699,2015-04-01 00:15:00,36.0,36.0
187,110N05706,2015-04-01 00:15:00,41.0,41.0
188,110P05708,2015-04-01 00:15:00,43.0,43.0
189,110+05707,2015-04-01 00:15:00,48.0,48.0
190,110N05696,2015-04-01 00:15:00,25.0,25.0
191,110N05707,2015-04-01 00:15:00,50.0,50.0
192,110+05711,2015-04-01 00:15:00,56.0,41.0
193,110P05707,2015-04-01 00:15:00,45.0,45.0
194,110P05694,2015-04-01 00:15:00,31.0,31.0
195,110-05696,2015-04-01 00:15:00,29.0,29.0
196,110N05694,2015-04-01 00:15:00,30.0,30.0
197,110-05698,2015-04-01 00:15:00,30.0,30.0
198,110N05692,2015-04-01 00:15:00,33.0,33.0
199,110-05699,2015-04-01 00:15:00,40.0,40.0
200,110-05702,2015-04-01 00:15:00,48.0,48.0
201,110-05709,2015-04-01 00:15:00,48.0,48.0
202,110-05707,2015-04-01 00:15:00,50.0,50.0
203,110-05704,2015-04-01 00:15:00,50.0,50.0
204,110+05696,2015-04-01 00:15:00,32.0,32.0
205,110-05693,2015-04-01 00:15:00,30.0,30.0
206,110P05710,2015-04-01 00:15:00,49.0,49.0
207,110-05701,2015-04-01 00:15:00,47.0,47.0
208,110+05708,2015-04-01 00:15:00,45.0,45.0
209,110+05710,2015-04-01 00:15:00,48.0,48.0
210,110-05697,2015-04-01 00:15:00,30.0,30.0
211,110+05705,2015-04-01 00:15:00,48.0,48.0
212,110P05695,2015-04-01 00:15:00,35.0,35.0
213,110-05694,2015-04-01 00:15:00,31.0,31.0
214,110+05704,2015-04-01 00:15:00,50.0,50.0
215,110+05709,2015-04-01 00:15:00,47.0,47.0
216,110+05694,2015-04-01 00:15:00,31.0,31.0
217,110+05706,2015-04-01 00:15:00,48.0,48.0
218,110N05698,2015-04-01 00:15:00,30.0,30.0
219,110N05695,2015-04-01 00:15:00,33.0,33.0
220,110+05698,2015-04-01 00:15:00,35.0,35.0
221,110+05701,2015-04-01 00:15:00,42.0,42.0
222,110+05693,2015-04-01 00:15:00,31.0,31.0
223,110-05695,2015-04-01 00:15:00,31.0,31.0
224,110P05692,2015-04-01 00:15:00,29.0,29.0
225,110-05708,2015-04-01 00:15:00,48.0,48.0
226,110N05710,2015-04-01 00:15:00,49.0,49.0
227,110P05706,2015-04-01 00:15:00,48.0,48.0
228,110+05703,2015-04-01 00:15:00,48.0,48.0
229,110+05700,2015-04-01 00:15:00,40.0,40.0
230,110P05696,2015-04-01 00:15:00,42.0,31.0
231,110-05710,2015-04-01 00:15:00,44.0,44.0
232,110P05698,2015-04-01 00:15:00,35.0,35.0
233,110+05699,2015-04-01 00:15:00,35.0,35.0
234,110N05697,2015-04-01 00:15:00,32.0,32.0
235,110N05711,2015-04-01 00:15:00,44.0,44.0
236,110N05696,2015-04-01 00:20:00,28.96,25.0
237,110N05694,2015-04-01 00:20:00,33.61,30.0
238,110-05698,2015-04-01 00:20:00,38.0,30.0
239,110+05710,2015-04-01 00:20:00,48.0,48.0
240,110N05698,2015-04-01 00:20:00,39.0,30.0
241,110N05697,2015-04-01 00:20:00,40.59,32.0
242,110-05697,2015-04-01 00:20:00,40.0,30.0
243,110-05707,2015-04-01 00:20:00,50.0,50.0
244,110+05699,2015-04-01 00:20:00,35.0,35.0
245,110+05695,2015-04-01 00:20:00,31.0,31.0
246,110+05703,2015-04-01 00:20:00,48.0,48.0
247,110+05711,2015-04-01 00:20:00,56.0,41.0
248,110P05698,2015-04-01 00:20:00,35.0,35.0
249,110+05707,2015-04-01 00:20:00,48.0,48.0
250,110P05706,2015-04-01 00:20:00,48.0,48.0
251,110+05696,2015-04-01 00:20:00,32.0,32.0
252,110-05702,2015-04-01 00:20:00,48.0,48.0
253,110+05706,2015-04-01 00:20:00,48.0,48.0
254,110-05703,2015-04-01 00:20:00,50.0,50.0
255,110-05696,2015-04-01 00:20:00,41.18,29.0
256,110-05699,2015-04-01 00:20:00,40.0,40.0
257,110-05705,2015-04-01 00:20:00,50.0,50.0
258,110-05694,2015-04-01 00:20:00,34.35,31.0
259,110P05707,2015-04-01 00:20:00,45.0,45.0
260,110-05695,2015-04-01 00:20:00,33.47,31.0
261,110P05695,2015-04-01 00:20:00,35.0,35.0
262,110+05697,2015-04-01 00:20:00,36.0,36.0
263,110N05695,2015-04-01 00:20:00,35.79,33.0
264,110+05693,2015-04-01 00:20:00,31.0,31.0
265,110+05694,2015-04-01 00:20:00,31.0,31.0
266,110-05700,2015-04-01 00:20:00,43.0,43.0
267,110P05694,2015-04-01 00:20:00,31.0,31.0
268,110+05700,2015-04-01 00:20:00,40.0,40.0
269,110-05704,2015-04-01 00:20:00,50.0,50.0
270,110N05706,2015-04-01 00:20:00,41.0,41.0
271,110N05692,2015-04-01 00:20:00,33.0,33.0
272,110+05698,2015-04-01 00:20:00,35.0,35.0
273,110+05708,2015-04-01 00:20:00,45.0,45.0
274,110N05699,2015-04-01 00:20:00,36.0,36.0
275,110-05701,2015-04-01 00:20:00,47.0,47.0
276,110+05702,2015-04-01 00:20:00,47.0,47.0
277,110-05706,2015-04-01 00:20:00,48.0,48.0
278,110P05692,2015-04-01 00:20:00,29.0,29.0
279,110+05705,2015-04-01 00:20:00,48.0,48.0
280,110N05711,2015-04-01 00:20:00,44.0,44.0
281,110-05710,2015-04-01 00:20:00,44.0,44.0
282,110+05704,2015-04-01 00:20:00,50.0,50.0
283,110N05710,2015-04-01 00:20:00,49.0,49.0
284,110N05707,2015-04-01 00:20:00,50.0,50.0
285,110+05701,2015-04-01 00:20:00,42.0,42.0
286,110-05708,2015-04-01 00:20:00,48.0,48.0
287,110P05708,2015-04-01 00:20:00,43.0,43.0
288,110+05709,2015-04-01 00:20:00,47.0,47.0
289,110-05709,2015-04-01 00:20:00,48.0,48.0
290,110P05710,2015-04-01 00:20:00,49.0,49.0
291,110P05697,2015-04-01 00:20:00,35.0,35.0
292,110P05696,2015-04-01 00:20:00,31.0,31.0
293,110P05699,2015-04-01 00:20:00,36.0,36.0
294,110-05693,2015-04-01 00:20:00,30.0,30.0
295,110+05705,2015-04-01 00:25:00,48.0,48.0
296,110P05708,2015-04-01 00:25:00,43.0,43.0
297,110-05693,2015-04-01 00:25:00,30.0,30.0
298,110-05697,2015-04-01 00:25:00,40.0,30.0
299,110+05707,2015-04-01 00:25:00,48.0,48.0
300,110P05697,2015-04-01 00:25:00,35.0,35.0
301,110P05692,2015-04-01 00:25:00,29.0,29.0
302,110N05692,2015-04-01 00:25:00,33.0,33.0
303,110+05694,2015-04-01 00:25:00,31.0,31.0
304,110+05706,2015-04-01 00:25:00,48.0,48.0
305,110-05696,2015-04-01 00:25:00,40.0,29.0
306,110N05695,2015-04-01 00:25:00,41.0,33.0
307,110-05708,2015-04-01 00:25:00,48.0,48.0
308,110-05695,2015-04-01 00:25:00,38.0,31.0
309,110N05698,2015-04-01 00:25:00,39.0,30.0
310,110N05699,2015-04-01 00:25:00,36.0,36.0
311,110+05695,2015-04-01 00:25:00,31.0,31.0
312,110P05706,2015-04-01 00:25:00,48.0,48.0
313,110-05699,2015-04-01 00:25:00,40.0,40.0
314,110-05709,2015-04-01 00:25:00,48.0,48.0
315,110+05701,2015-04-01 00:25:00,42.0,42.0
316,110P05699,2015-04-01 00:25:00,36.0,36.0
317,110-05701,2015-04-01 00:25:00,47.0,47.0
318,110N05710,2015-04-01 00:25:00,49.0,49.0
319,110N05696,2015-04-01 00:25:00,38.0,25.0
320,110+05704,2015-04-01 00:25:00,50.0,50.0
321,110+05708,2015-04-01 00:25:00,45.0,45.0
322,110P05710,2015-04-01 00:25:00,49.0,49.0
323,110-05700,2015-04-01 00:25:00,43.0,43.0
324,110+05697,2015-04-01 00:25:00,36.0,36.0
325,110-05698,2015-04-01 00:25:00,38.0,30.0
326,110N05694,2015-04-01 00:25:00,41.0,30.0
327,110-05704,2015-04-01 00:25:00,50.0,50.0
328,110-05707,2015-04-01 00:25:00,50.0,50.0
329,110+05709,2015-04-01 00:25:00,47.0,47.0
330,110P05695,2015-04-01 00:25:00,35.0,35.0
331,110+05703,2015-04-01 00:25:00,48.0,48.0
332,110+05693,2015-04-01 00:25:00,31.0,31.0
333,110-05694,2015-04-01 00:25:00,41.0,31.0
334,110+05700,2015-04-01 00:25:00,40.0,40.0
335,110N05707,2015-04-01 00:25:00,50.0,50.0
336,110+05710,2015-04-01 00:25:00,48.0,48.0
337,110+05696,2015-04-01 00:25:00,32.0,32.0
338,110+05698,2015-04-01 00:25:00,35.0,35.0
339,110N05697,2015-04-01 00:25:00,40.0,32.0
340,110N05706,2015-04-01 00:25:00,41.0,41.0
341,110P05698,2015-04-01 00:25:00,35.0,35.0
342,110-05705,2015-04-01 00:25:00,50.0,50.0
343,110-05702,2015-04-01 00:25:00,48.0,48.0
344,110+05699,2015-04-01 00:25:00,35.0,35.0
345,110+05702,2015-04-01 00:25:00,47.0,47.0
346,110N05711,2015-04-01 00:25:00,44.0,44.0
347,110P05696,2015-04-01 00:25:00,31.0,31.0
348,110+05711,2015-04-01 00:25:00,56.0,41.0
349,110P05707,2015-04-01 00:25:00,45.0,45.0
350,110-05703,2015-04-01 00:25:00,50.0,50.0
351,110P05694,2015-04-01 00:25:00,31.0,31.0
352,110-05706,2015-04-01 00:25:00,48.0,48.0
353,110-05710,2015-04-01 00:25:00,44.0,44.0
354,110P05698,2015-04-01 00:30:00,35.0,35.0
355,110-05694,2015-04-01 00:30:00,41.0,31.0
356,110+05710,2015-04-01 00:30:00,48.0,48.0
357,110+05693,2015-04-01 00:30:00,46.0,31.0
358,110P05694,2015-04-01 00:30:00,43.0,31.0
359,110-05697,2015-04-01 00:30:00,40.38,30.0
360,110-05702,2015-04-01 00:30:00,49.76,48.0
361,110-05705,2015-04-01 00:30:00,52.0,50.0
362,110P05710,2015-04-01 00:30:00,49.0,49.0
363,110+05703,2015-04-01 00:30:00,48.0,48.0
364,110-05706,2015-04-01 00:30:00,48.0,48.0
365,110+05702,2015-04-01 00:30:00,47.0,47.0
366,110P05695,2015-04-01 00:30:00,43.0,35.0
367,110-05700,2015-04-01 00:30:00,46.5,43.0
368,110-05704,2015-04-01 00:30:00,55.0,50.0
369,110-05701,2015-04-01 00:30:00,49.86,47.0
370,110P05707,2015-04-01 00:30:00,45.0,45.0
371,110P05696,2015-04-01 00:30:00,31.0,31.0
372,110N05699,2015-04-01 00:30:00,38.25,36.0
373,110N05707,2015-04-01 00:30:00,50.0,50.0
374,110+05704,2015-04-01 00:30:00,50.0,50.0
375,110+05694,2015-04-01 00:30:00,45.0,31.0
376,110+05700,2015-04-01 00:30:00,40.0,40.0
377,110-05699,2015-04-01 00:30:00,41.94,40.0
378,110N05692,2015-04-01 00:30:00,33.0,33.0
379,110+05706,2015-04-01 00:30:00,48.0,48.0
380,110P05699,2015-04-01 00:30:00,36.56,36.0
381,110N05697,2015-04-01 00:30:00,40.0,32.0
382,110P05708,2015-04-01 00:30:00,43.0,43.0
383,110P05697,2015-04-01 00:30:00,35.0,35.0
384,110+05699,2015-04-01 00:30:00,35.0,35.0
385,110N05711,2015-04-01 00:30:00,44.0,44.0
386,110-05698,2015-04-01 00:30:00,39.07,30.0
387,110N05694,2015-04-01 00:30:00,41.0,30.0
388,110-05709,2015-04-01 00:30:00,48.0,48.0
389,110-05693,2015-04-01 00:30:00,30.0,30.0
390,110-05707,2015-04-01 00:30:00,50.0,50.0
391,110N05696,2015-04-01 00:30:00,38.0,25.0
392,110+05705,2015-04-01 00:30:00,48.0,48.0
393,110+05709,2015-04-01 00:30:00,47.0,47.0
394,110+05698,2015-04-01 00:30:00,35.0,35.0
395,110P05692,2015-04-01 00:30:00,29.0,29.0
396,110-05710,2015-04-01 00:30:00,44.0,44.0
397,110+05695,2015-04-01 00:30:00,43.0,31.0
398,110-05695,2015-04-01 00:30:00,38.2,31.0
399,110N05706,2015-04-01 00:30:00,41.0,41.0
400,110+05707,2015-04-01 00:30:00,48.0,48.0
401,110N05698,2015-04-01 00:30:00,39.57,30.0
402,110P05706,2015-04-01 00:30:00,48.0,48.0
403,110+05701,2015-04-01 00:30:00,42.0,42.0
404,110+05711,2015-04-01 00:30:00,43.32,41.0
405,110+05697,2015-04-01 00:30:00,36.0,36.0
406,110+05696,2015-04-01 00:30:00,32.0,32.0
407,110-05708,2015-04-01 00:30:00,48.0,48.0
408,110N05695,2015-04-01 00:30:00,41.0,33.0
409,110+05708,2015-04-01 00:30:00,45.0,45.0
410,110-05696,2015-04-01 00:30:00,40.0,29.0
411,110N05710,2015-04-01 00:30:00,49.0,49.0
412,110-05703,2015-04-01 00:30:00,52.37,50.0
413,110N05694,2015-04-01 00:35:00,38.2,30.0
414,110N05707,2015-04-01 00:35:00,50.0,50.0
415,110-05696,2015-04-01 00:35:00,38.5,29.0
416,110+05696,2015-04-01 00:35:00,32.0,32.0
417,110N05711,2015-04-01 00:35:00,44.0,44.0
418,110-05710,2015-04-01 00:35:00,44.0,44.0
419,110P05706,2015-04-01 00:35:00,48.0,48.0
420,110+05708,2015-04-01 00:35:00,45.0,45.0
421,110-05706,2015-04-01 00:35:00,48.0,48.0
422,110-05698,2015-04-01 00:35:00,44.37,30.0
423,110N05695,2015-04-01 00:35:00,39.1,33.0
424,110P05708,2015-04-01 00:35:00,43.0,43.0
425,110N05697,2015-04-01 00:35:00,41.88,32.0
426,110P05707,2015-04-01 00:35:00,45.0,45.0
427,110P05694,2015-04-01 00:35:00,43.0,31.0
428,110-05707,2015-04-01 00:35:00,50.0,50.0
429,110+05694,2015-04-01 00:35:00,44.2,31.0
430,110N05699,2015-04-01 00:35:00,51.0,36.0
431,110+05701,2015-04-01 00:35:00,42.0,42.0
432,110P05695,2015-04-01 00:35:00,43.0,35.0
433,110-05705,2015-04-01 00:35:00,52.0,50.0
434,110+05704,2015-04-01 00:35:00,50.0,50.0
435,110-05701,2015-04-01 00:35:00,52.6,47.0
436,110P05699,2015-04-01 00:35:00,39.0,36.0
437,110-05697,2015-04-01 00:35:00,40.89,30.0
438,110+05693,2015-04-01 00:35:00,46.0,31.0
439,110N05698,2015-04-01 00:35:00,44.37,30.0
440,110+05702,2015-04-01 00:35:00,47.0,47.0
441,110-05699,2015-04-01 00:35:00,52.0,40.0
442,110-05700,2015-04-01 00:35:00,53.6,43.0
443,110-05704,2015-04-01 00:35:00,55.0,50.0
444,110-05694,2015-04-01 00:35:00,38.52,31.0
445,110+05710,2015-04-01 00:35:00,48.0,48.0
446,110P05698,2015-04-01 00:35:00,35.0,35.0
447,110+05705,2015-04-01 00:35:00,48.0,48.0
448,110N05710,2015-04-01 00:35:00,49.0,49.0
449,110+05699,2015-04-01 00:35:00,27.0,35.0
450,110N05696,2015-04-01 00:35:00,30.38,25.0
451,110N05692,2015-04-01 00:35:00,33.0,33.0
452,110N05706,2015-04-01 00:35:00,41.0,41.0
453,110+05709,2015-04-01 00:35:00,47.0,47.0
454,110+05706,2015-04-01 00:35:00,48.0,48.0
455,110-05703,2015-04-01 00:35:00,53.0,50.0
456,110+05697,2015-04-01 00:35:00,36.0,36.0
457,110+05698,2015-04-01 00:35:00,35.0,35.0
458,110+05707,2015-04-01 00:35:00,48.0,48.0
459,110P05697,2015-04-01 00:35:00,35.0,35.0
460,110P05696,2015-04-01 00:35:00,31.0,31.0
461,110-05702,2015-04-01 00:35:00,51.0,48.0
462,110-05708,2015-04-01 00:35:00,48.0,48.0
463,110+05700,2015-04-01 00:35:00,40.0,40.0
464,110+05703,2015-04-01 00:35:00,48.0,48.0
465,110-05695,2015-04-01 00:35:00,30.02,31.0
466,110-05693,2015-04-01 00:35:00,30.0,30.0
467,110-05709,2015-04-01 00:35:00,48.0,48.0
468,110P05710,2015-04-01 00:35:00,49.0,49.0
469,110P05692,2015-04-01 00:35:00,29.0,29.0
470,110+05711,2015-04-01 00:35:00,41.0,41.0
471,110+05695,2015-04-01 00:35:00,43.0,31.0
472,110+05701,2015-04-01 00:40:00,42.0,42.0
473,110N05695,2015-04-01 00:40:00,33.0,33.0
474,110N05692,2015-04-01 00:40:00,36.12,33.0
475,110P05692,2015-04-01 00:40:00,29.0,29.0
476,110-05695,2015-04-01 00:40:00,22.19,31.0
477,110-05699,2015-04-01 00:40:00,52.0,40.0
478,110-05696,2015-04-01 00:40:00,41.39,29.0
479,110P05707,2015-04-01 00:40:00,45.0,45.0
480,110-05700,2015-04-01 00:40:00,53.6,43.0
481,110-05704,2015-04-01 00:40:00,54.49,50.0
482,110-05697,2015-04-01 00:40:00,44.59,30.0
483,110+05703,2015-04-01 00:40:00,48.0,48.0
484,110P05699,2015-04-01 00:40:00,39.0,36.0
485,110+05697,2015-04-01 00:40:00,36.0,36.0
486,110+05711,2015-04-01 00:40:00,41.0,41.0
487,110+05707,2015-04-01 00:40:00,48.0,48.0
488,110P05695,2015-04-01 00:40:00,43.0,35.0
489,110P05694,2015-04-01 00:40:00,43.0,31.0
490,110-05694,2015-04-01 00:40:00,31.0,31.0
491,110-05705,2015-04-01 00:40:00,52.6,50.0
492,110+05695,2015-04-01 00:40:00,43.0,31.0
493,110-05707,2015-04-01 00:40:00,50.0,50.0
494,110+05709,2015-04-01 00:40:00,47.0,47.0
495,110N05711,2015-04-01 00:40:00,44.0,44.0
496,110P05708,2015-04-01 00:40:00,43.0,43.0
497,110-05710,2015-04-01 00:40:00,44.0,44.0
498,110+05704,2015-04-01 00:40:00,50.0,50.0
499,110P05696,2015-04-01 00:40:00,31.0,31.0
500,110-05693,2015-04-01 00:40:00,34.8,30.0
