name,link_id,osm_way_id,from_node_id,to_node_id,dir_flag,length,lanes,free_speed,capacity,link_type_name,link_type,geometry,allowed_uses,from_biway
Leesburg Pike,3097,8810199,10992,12628,1,15.134541434451249,2,35,,trunk,2,"LINESTRING (-77.19028350000001 38.8946975, -77.1904157 38.8947866)",auto,0
Leesburg Pike,3098,8810199,12628,10994,1,162.8454942428981,2,35,,trunk,2,"LINESTRING (-77.1904157 38.8947866, -77.1904744 38.8948236, -77.19167280000001 38.8955799, -77.1918787 38.8957076)",auto,0
Leesburg Pike,18484,38166809,2481,9736,1,154.705355939321,6,35,,trunk,2,"LINESTRING (-77.21855739999999 38.9108106, -77.2177296 38.9103636, -77.21708959999999 38.9100161)",auto,0
Leesburg Pike,18485,38166812,9736,13902,1,58.60027815900346,6,35,,trunk,2,"LINESTRING (-77.21708959999999 38.9100161, -77.21674729999999 38.9098283, -77.2165361 38.9097124)",auto,0
Leesburg Pike,18488,38168243,1894,2494,1,131.30545573693968,4,35,,trunk,2,"LINESTRING (-77.2472387 38.9346714, -77.24631549999999 38.933734)",auto,0
Leesburg Pike,18489,38168244,2494,849,1,22.33028593495721,4,35,,trunk,2,"LINESTRING (-77.24631549999999 38.933734, -77.24616760000001 38.9335694)",auto,0
Leesburg Pike,18490,38168245,9738,1893,1,130.68356839570743,4,35,,trunk,2,"LINESTRING (-77.2461172 38.9337781, -77.2470368 38.9347106)",auto,0
Leesburg Pike,18491,38168246,1893,1892,1,5.475791565986775,3,35,,trunk,2,"LINESTRING (-77.2470368 38.9347106, -77.247073 38.934751)",auto,0
Leesburg Pike,18653,42713538,9641,9642,1,212.4944195152077,3,45,,trunk,2,"LINESTRING (-77.37091289999999 39.0140956, -77.3705497 39.0139079, -77.3703474 39.0138027, -77.3703184 39.0137875, -77.3695608 39.0133917, -77.36887400000001 39.0130269)",auto,0
Leesburg Pike,18695,44538239,1439,12503,1,78.78648313959565,2,45,,trunk,2,"LINESTRING (-77.2532817 38.9410976, -77.253828 38.9416646)",auto,0
Leesburg Pike,18809,46963169,9999,10000,1,59.54624486828188,2,55,,trunk,2,"LINESTRING (-77.2882578 38.9661171, -77.28763050000001 38.965896)",auto,0
Leesburg Pike,18810,46963170,10059,10001,1,513.5247531938727,2,55,,trunk,2,"LINESTRING (-77.2853089 38.9650606, -77.284654 38.9648303, -77.28462949999999 38.9648216, -77.2844446 38.964756, -77.2842512 38.9646771, -77.28405840000001 38.9645879, -77.2838903 38.9645053, -77.283655 38.9643758, -77.28343889999999 38.9642396, -77.2829706 38.9639099, -77.28221259999999 38.9633599, -77.2813168 38.962707, -77.2806724 38.962234)",auto,0
Leesburg Pike,18812,46963172,2460,2461,1,54.914948089944744,2,55,,trunk,2,"LINESTRING (-77.28762519999999 38.9660167, -77.28820469999999 38.9662189)",auto,0
Leesburg Pike,19074,59763007,10237,10238,1,201.55326213812532,5,45,,trunk,2,"LINESTRING (-77.36883159999999 39.0133369, -77.3693938 39.0136206, -77.3701944 39.0140295, -77.3706317 39.0142504, -77.37078390000001 39.0143291)",auto,0
Leesburg Pike,19075,59763011,9644,12392,1,406.03738183841324,3,55,,trunk,2,"LINESTRING (-77.36452420000001 39.0108146, -77.36354 39.0102784, -77.3618448 39.0093343, -77.361046 39.0088848, -77.3606994 39.0086931)",auto,0
Leesburg Pike,19076,59763011,12392,9992,1,292.4428394975471,3,55,,trunk,2,"LINESTRING (-77.3606994 39.0086931, -77.3603746 39.0085126, -77.3599172 39.0082584, -77.3594521 39.0080039, -77.35813280000001 39.0072698, -77.3579458 39.0071639)",auto,0
Leesburg Pike,19077,59763019,10236,10237,1,36.059643802626816,3,45,,trunk,2,"LINESTRING (-77.3684813 39.0131606, -77.36883159999999 39.0133369)",auto,0
Leesburg Pike,19078,59763021,9642,9643,1,41.06023798847311,4,45,,trunk,2,"LINESTRING (-77.36887400000001 39.0130269, -77.368475 39.0128263)",auto,0
Leesburg Pike,19877,116044073,784,9831,1,202.7608227638581,4,35,,trunk,2,"LINESTRING (-77.2442832 38.931392, -77.2438873 38.930989, -77.243785 38.9308816, -77.24354150000001 38.9306378, -77.24337970000001 38.9304678, -77.24303209999999 38.9300977, -77.24300270000001 38.9300665, -77.2428767 38.9299334)",auto,0
Leesburg Pike,19878,116044193,1892,462,1,126.54800607538236,3,35,,trunk,2,"LINESTRING (-77.247073 38.934751, -77.247208 38.934869, -77.247619 38.935289, -77.247694 38.93536, -77.2479759 38.935646)",auto,0
Leesburg Pike,19883,116044264,604,9737,1,147.98327671636636,3,35,,trunk,2,"LINESTRING (-77.2171743 38.9102822, -77.2185758 38.911045)",auto,0
Leesburg Pike,19884,116044298,1772,13741,1,180.95935767994004,3,35,,trunk,2,"LINESTRING (-77.2206675 38.9119664, -77.2189573 38.9110296)",auto,0
Leesburg Pike,19890,116044404,9992,13666,1,274.0012122536621,3,55,,trunk,2,"LINESTRING (-77.3579458 39.0071639, -77.3573033 39.0068166, -77.3553556 39.0057424)",auto,0
Leesburg Pike,19891,116044404,13666,9993,1,552.9339859645298,3,55,,trunk,2,"LINESTRING (-77.3553556 39.0057424, -77.3543732 39.0051996, -77.35133039999999 39.0035185, -77.35014839999999 39.0028523)",auto,0
Leesburg Pike,19892,116044404,9993,9988,1,86.88727761386852,3,55,,trunk,2,"LINESTRING (-77.35014839999999 39.0028523, -77.3493028 39.0024295)",auto,0
Leesburg Pike,19987,119518205,11008,11007,1,63.65537107514349,3,35,,trunk,2,"LINESTRING (-77.20285509999999 38.9025641, -77.20229399999999 38.9021939)",auto,0
Leesburg Pike,19988,119518205,11007,13218,1,166.29569611847901,3,35,,trunk,2,"LINESTRING (-77.20229399999999 38.9021939, -77.2017122 38.9018398, -77.20079 38.901263)",auto,0
Leesburg Pike,19989,119518206,11015,11014,1,95.00966527643855,4,35,,trunk,2,"LINESTRING (-77.2075557 38.9065452, -77.207157 38.906353, -77.20680950000001 38.9061383, -77.2066784 38.9060364)",auto,0
Leesburg Pike,21041,171847991,2483,1772,1,78.32799692297145,4,35,,trunk,2,"LINESTRING (-77.2214031 38.912377, -77.2206675 38.9119664)",auto,0
Leesburg Pike,21042,171848081,11072,11104,1,52.87874162322406,3,45,,trunk,2,"LINESTRING (-77.22648479999999 38.9156308, -77.2265773 38.9156903, -77.2269548 38.9159348)",auto,0
Leesburg Pike,21067,171851488,1773,11153,1,86.94958460744749,3,35,,trunk,2,"LINESTRING (-77.2155229 38.9093383, -77.2162524 38.9097373, -77.216345 38.909788)",auto,0
Leesburg Pike,21068,171851491,11028,14355,1,39.60418612976555,4,35,,trunk,2,"LINESTRING (-77.2158058 38.9092945, -77.2154348 38.9090859)",auto,0
Leesburg Pike,23185,173565317,2467,2468,1,711.0574176509916,2,55,,trunk,2,"LINESTRING (-77.31512429999999 38.9777887, -77.3152862 38.9778695, -77.315932 38.9781917, -77.3166908 38.9785984, -77.3170657 38.9788087, -77.3175157 38.9790876, -77.3177282 38.9792288, -77.3179202 38.9793658, -77.31819969999999 38.9795672, -77.3184921 38.9797987, -77.31878709999999 38.9800363, -77.31903389999999 38.9802615, -77.319294 38.9805097, -77.31959980000001 38.9807953, -77.3198948 38.9811164, -77.3201818 38.98145, -77.32046080000001 38.9817982, -77.3208068 38.9822903)",auto,0
Leesburg Pike,23186,173565317,2468,2469,1,243.8445659780712,2,55,,trunk,2,"LINESTRING (-77.3208068 38.9822903, -77.3210509 38.982628, -77.3214783 38.9832609, -77.3221467 38.98422)",auto,0
Leesburg Pike,23187,173565317,2469,2470,1,261.33406844976736,2,55,,trunk,2,"LINESTRING (-77.3221467 38.98422, -77.32248010000001 38.9847114, -77.3225997 38.9848669, -77.3227809 38.9851042, -77.3230404 38.985401, -77.32333130000001 38.9857068, -77.3236101 38.9859834, -77.32381770000001 38.9861704)",auto,0
Leesburg Pike,23188,173565317,2470,2471,1,296.00895460128675,2,55,,trunk,2,"LINESTRING (-77.32381770000001 38.9861704, -77.3240823 38.9863836, -77.3243939 38.9866148, -77.324727 38.986853, -77.3249562 38.9869938, -77.32533239999999 38.9872233, -77.32559929999999 38.9873811, -77.326448 38.9878677)",auto,0
Leesburg Pike,23189,173565317,2471,10055,1,317.8037332773926,2,55,,trunk,2,"LINESTRING (-77.326448 38.9878677, -77.3277037 38.9885891, -77.32842049999999 38.9889967, -77.3291636 38.9894304, -77.3294045 38.989567)",auto,0
Leesburg Pike,23192,173565321,12412,12410,1,286.6503621955308,2,55,,trunk,2,"LINESTRING (-77.3079924 38.9752704, -77.3072926 38.9750703, -77.30635289999999 38.9748022, -77.30587629999999 38.9746602, -77.30544930000001 38.9745245, -77.3051581 38.9744225, -77.3049099 38.9743247)",auto,0
Leesburg Pike,23196,173566549,10373,10984,1,72.96832307026612,2,55,,trunk,2,"LINESTRING (-77.3362712 38.9946492, -77.33688549999999 38.9950994)",auto,0
Leesburg Pike,23197,173566549,10984,11252,1,179.44432962873933,2,55,,trunk,2,"LINESTRING (-77.33688549999999 38.9950994, -77.33842490000001 38.9961824)",auto,0
Leesburg Pike,23198,173566549,11252,2475,1,305.1754517265386,2,55,,trunk,2,"LINESTRING (-77.33842490000001 38.9961824, -77.3390995 38.9966481, -77.3398183 38.9971463, -77.34038959999999 38.9975487, -77.3410604 38.9980091)",auto,0
Leesburg Pike,23210,173566554,10387,10389,1,7.359738220186709,2,55,,trunk,2,"LINESTRING (-77.3364558 38.99453, -77.33639030000001 38.9944877)",auto,0
Leesburg Pike,23211,173566554,10389,10056,1,824.8671490432886,2,55,,trunk,2,"LINESTRING (-77.33639030000001 38.9944877, -77.3358781 38.9941237, -77.3355402 38.9938902, -77.3344139 38.9931044, -77.3335886 38.992529, -77.3329069 38.9920436, -77.3325416 38.9917625, -77.332201 38.9914872, -77.33132639999999 38.9907757, -77.330838 38.9903757, -77.33066049999999 38.990234, -77.3301704 38.9898479, -77.3297493 38.989554, -77.3296122 38.9894615, -77.3294827 38.9893751)",auto,0
Leesburg Pike,23825,174029285,9987,9991,1,623.3954894483826,2,55,,trunk,2,"LINESTRING (-77.3427521 38.998953, -77.3423288 38.9986555, -77.3414679 38.9980489, -77.34064979999999 38.9974799, -77.3398854 38.996942, -77.33887420000001 38.9962312, -77.3384772 38.9959519, -77.3373976 38.9951962)",auto,0
Leesburg Pike,23842,174029298,13668,2477,1,124.37749522385263,4,55,,trunk,2,"LINESTRING (-77.3436038 38.9997872, -77.3438979 38.9999657, -77.3440813 39.0000655, -77.3442869 39.0001751, -77.34438129999999 39.0002243, -77.3445309 39.0003023, -77.3447831 39.0004273)",auto,0
Leesburg Pike,23849,174033415,9989,9990,1,199.73983934159781,4,55,,trunk,2,"LINESTRING (-77.3454053 39.0005053, -77.3448448 39.0002189, -77.3446036 39.0000944, -77.3441863 38.9998791, -77.3439422 38.9997374, -77.34351839999999 38.9994705)",auto,0
Leesburg Pike,23851,174033425,9988,9989,1,399.01454091950063,4,55,,trunk,2,"LINESTRING (-77.3493028 39.0024295, -77.3477374 39.0016567, -77.3456048 39.0006041, -77.34556670000001 39.0005868, -77.3454053 39.0005053)",auto,0
Leesburg Pike,23852,174033426,989,12387,1,7.5341262249912955,3,55,,trunk,2,"LINESTRING (-77.3452551 39.0006506, -77.3453288 39.0006868)",auto,0
Leesburg Pike,23860,174033431,2479,12397,1,336.3834297709719,3,55,,trunk,2,"LINESTRING (-77.3578304 39.0073823, -77.35798010000001 39.0074649, -77.3592683 39.0081894, -77.36011790000001 39.0086596, -77.360985 39.009155)",auto,0
Leesburg Pike,23861,174033431,12397,12828,1,345.577686603858,3,55,,trunk,2,"LINESTRING (-77.360985 39.009155, -77.3614358 39.0093861, -77.3634407 39.0105056, -77.3642456 39.0109544)",auto,0
Leesburg Pike,23901,174193795,10056,10054,1,309.9301716910296,2,55,,trunk,2,"LINESTRING (-77.3294827 38.9893751, -77.3293055 38.9892645, -77.32872740000001 38.9889265, -77.3271878 38.9880446, -77.32660490000001 38.9877124)",auto,0
Leesburg Pike,23902,174193795,10054,10053,1,549.4044206762568,2,55,,trunk,2,"LINESTRING (-77.32660490000001 38.9877124, -77.3260612 38.9874025, -77.3252593 38.9869375, -77.3248462 38.9866644, -77.3243956 38.9863454, -77.32416430000001 38.9861672, -77.3239404 38.9859725, -77.3237202 38.9857713, -77.32351989999999 38.9855705, -77.32334 38.9853865, -77.3231414 38.9851698, -77.3229408 38.9849261, -77.3227926 38.9847215, -77.3223636 38.9841173)",auto,0
Leesburg Pike,23903,174193795,10053,9994,1,845.5030339844487,2,55,,trunk,2,"LINESTRING (-77.3223636 38.9841173, -77.3222123 38.983904, -77.32179960000001 38.9833018, -77.3217799 38.9832733, -77.3210187 38.9821735, -77.32067809999999 38.9816939, -77.3203884 38.9813395, -77.3199163 38.9807932, -77.3194496 38.9803241, -77.3189507 38.9798862, -77.3187076 38.979686, -77.3184679 38.9794942, -77.3181663 38.9792674, -77.31792299999999 38.9790946, -77.31752109999999 38.9788291, -77.3170061 38.9785184, -77.3164254 38.9782025)",auto,0
Leesburg Pike,23904,174193800,10055,2472,1,712.8320570994645,2,55,,trunk,2,"LINESTRING (-77.3294045 38.989567, -77.3295346 38.9896617, -77.3297127 38.9897795, -77.3300721 38.9900465, -77.33051039999999 38.9903969, -77.3308231 38.9906435, -77.3323615 38.991885, -77.33286990000001 38.9922784, -77.3332151 38.992527, -77.33368729999999 38.9928567, -77.3346044 38.9934964, -77.33534040000001 38.9940131)",auto,0
Leesburg Pike,24051,174388857,10023,13719,1,275.94994285537996,2,55,,trunk,2,"LINESTRING (-77.29526180000001 38.9689376, -77.294661 38.9685945, -77.2942223 38.9683536, -77.2938529 38.9681685, -77.2934048 38.9679711, -77.29291720000001 38.967781, -77.2925461 38.9676466)",auto,0
Leesburg Pike,24052,174388858,2463,2464,1,924.9617508008099,2,55,,trunk,2,"LINESTRING (-77.2951068 38.9691004, -77.29660199999999 38.9699502, -77.2972565 38.9703151, -77.29746179999999 38.9704396, -77.2982611 38.9708984, -77.2989221 38.9712681, -77.3002572 38.9720264, -77.3027913 38.9734696, -77.3032257 38.9737135, -77.30355 38.9739055, -77.3037442 38.9740092)",auto,0
Leesburg Pike,24054,174388862,10058,9999,1,304.7401572102533,2,55,,trunk,2,"LINESTRING (-77.2914593 38.9672636, -77.2912381 38.9671855, -77.2909283 38.9670762, -77.2904544 38.9669013, -77.2897007 38.9666302, -77.28870879999999 38.9662797, -77.2882578 38.9661171)",auto,0
Leesburg Pike,24061,174388866,2464,12411,1,33.8692761967603,2,55,,trunk,2,"LINESTRING (-77.3037442 38.9740092, -77.3040699 38.9741785)",auto,0
Leesburg Pike,24062,174388866,12411,2465,1,285.70947152750443,2,55,,trunk,2,"LINESTRING (-77.3040699 38.9741785, -77.3041315 38.9742104, -77.3044283 38.974347, -77.3046602 38.9744498, -77.3048998 38.9745414, -77.30511 38.9746191, -77.3053311 38.9747022, -77.30563650000001 38.9748022, -77.306099 38.9749437, -77.30699420000001 38.975197, -77.3070814 38.9752217)",auto,0
Leesburg Pike,24069,174389600,10015,10016,1,87.93064929323765,4,55,,trunk,2,"LINESTRING (-77.2652343 38.9517516, -77.2647353 38.9514378, -77.2644459 38.9512522)",auto,0
Leesburg Pike,24070,174389601,2457,12414,1,216.11724697402352,2,55,,trunk,2,"LINESTRING (-77.279443 38.9615074, -77.2805303 38.9622851, -77.28123859999999 38.9628024, -77.28127550000001 38.9628292)",auto,0
Leesburg Pike,24071,174389601,12414,2458,1,338.5060519915697,2,55,,trunk,2,"LINESTRING (-77.28127550000001 38.9628292, -77.2820296 38.9633768, -77.2832408 38.9642538, -77.2834672 38.9643987, -77.2835602 38.9644576, -77.283816 38.9646011, -77.28400790000001 38.9646973, -77.2842448 38.9648003)",auto,0
Leesburg Pike,24111,174392805,2447,2448,1,141.32383160921,2,55,,trunk,2,"LINESTRING (-77.2668513 38.9529281, -77.2670471 38.9530475, -77.2674947 38.953341, -77.2681109 38.9537378)",auto,0
Leesburg Pike,24130,174392812,10016,10017,1,167.3502066719102,2,55,,trunk,2,"LINESTRING (-77.2644459 38.9512522, -77.2641266 38.9510507, -77.26339729999999 38.9505906, -77.2629421 38.9503049)",auto,0
Leesburg Pike,24154,174394961,1514,14283,1,2.6356096992409714,2,55,,trunk,2,"LINESTRING (-77.262197 38.9499269, -77.2622185 38.9499437)",auto,0
Leesburg Pike,24155,174394961,14283,13733,1,151.49232973010382,2,55,,trunk,2,"LINESTRING (-77.2622185 38.9499437, -77.262336 38.9500359, -77.2628016 38.9503596, -77.26321059999999 38.9506176, -77.26354739999999 38.9508302)",auto,0
Leesburg Pike,24165,174394979,10018,13732,1,318.43803813770853,2,55,,trunk,2,"LINESTRING (-77.26230390000001 38.9498285, -77.2621575 38.9497129, -77.2619128 38.9495079, -77.2615239 38.949149, -77.26111330000001 38.948729, -77.2609179 38.9485408, -77.26067500000001 38.9482869, -77.25999299999999 38.9476017)",auto,0
Leesburg Pike,24292,174423120,12491,13376,1,151.66232084305113,3,45,,trunk,2,"LINESTRING (-77.2552158 38.9427678, -77.2545014 38.9420423, -77.2541488 38.9416854)",auto,0
Leesburg Pike,24301,174423133,1477,13730,1,272.04566559693484,2,45,,trunk,2,"LINESTRING (-77.25511849999999 38.9429677, -77.25520880000001 38.9430589, -77.25597689999999 38.943834, -77.25674170000001 38.9445982, -77.2570436 38.9449026)",auto,0
Leesburg Pike,24305,174423140,12502,13377,1,192.87288345367168,2,45,,trunk,2,"LINESTRING (-77.25345369999999 38.9409798, -77.2533347 38.9408601, -77.2530716 38.9406022, -77.252455 38.939985, -77.25232099999999 38.939829, -77.25218 38.939681, -77.25210199999999 38.9396008)",auto,0
Leesburg Pike,24314,174423164,10021,10022,1,128.67755666610276,4,45,,trunk,2,"LINESTRING (-77.2574438 38.9450128, -77.25653370000001 38.9440973)",auto,0
Leesburg Pike,24317,174426424,9817,13379,1,156.2759610656403,3,45,,trunk,2,"LINESTRING (-77.2496422 38.9370697, -77.2494689 38.9368825, -77.2493767 38.9367834, -77.24872329999999 38.9361105, -77.2485611 38.9359437)",auto,0
Leesburg Pike,24757,227892588,2442,13403,1,223.52177795291,4,35,,trunk,2,"LINESTRING (-77.2424735 38.9301642, -77.2426043 38.9302943, -77.2429746 38.9306432, -77.24344600000001 38.9310788, -77.2436773 38.9312982, -77.2438685 38.931487, -77.2441003 38.9317256)",auto,0
Leesburg Pike,24758,227892589,2491,813,1,578.2240591636323,4,35,,trunk,2,"LINESTRING (-77.2367996 38.9237276, -77.2366473 38.9235684, -77.23572420000001 38.9226184, -77.23507840000001 38.9219527, -77.2345174 38.9213789, -77.2343576 38.9212149, -77.2340511 38.9208939, -77.2333687 38.9201978, -77.23331229999999 38.9201483, -77.2330434 38.919912, -77.23266289999999 38.9196537)",auto,0
Leesburg Pike,24759,227892589,813,12639,1,45.47084628244482,4,35,,trunk,2,"LINESTRING (-77.23266289999999 38.9196537, -77.2322271 38.9194251)",auto,0
Leesburg Pike,24764,227892597,9831,14128,1,175.69243720500066,6,35,,trunk,2,"LINESTRING (-77.2428767 38.9299334, -77.24275299999999 38.9298066, -77.2426091 38.9296557, -77.2423074 38.9293548, -77.2421483 38.9291886, -77.24182999999999 38.9288673, -77.2416389 38.9286808)",auto,0
Leesburg Pike,24767,227892599,2492,13390,1,425.4615707222143,4,35,,trunk,2,"LINESTRING (-77.2412824 38.9283283, -77.2411713 38.9282166, -77.24073919999999 38.9278077, -77.24058460000001 38.9276557, -77.24008430000001 38.9271494, -77.2398919 38.926952, -77.239631 38.9266885, -77.2395343 38.9265855, -77.23935899999999 38.9264047, -77.23895210000001 38.9259931, -77.2387825 38.9258215, -77.2386782 38.9257143, -77.23828930000001 38.9252929)",auto,0
Leesburg Pike,24768,227892681,2489,11149,1,102.44477592767076,5,35,,trunk,2,"LINESTRING (-77.229878 38.9175813, -77.22964469999999 38.917408, -77.2294273 38.917255, -77.229157 38.9170786, -77.229118 38.9170545, -77.228988 38.9169744)",auto,0
Leesburg Pike,24769,227892683,499,7531,1,71.20954969385444,3,35,,trunk,2,"LINESTRING (-77.2320904 38.9195938, -77.2321736 38.9196738, -77.2326135 38.9200019, -77.23267060000001 38.9200471)",auto,0
Leesburg Pike,24770,227892683,7531,2438,1,118.75550014757519,3,35,,trunk,2,"LINESTRING (-77.23267060000001 38.9200471, -77.23273260000001 38.9200962, -77.232872 38.9202102, -77.23307459999999 38.9203905, -77.2331461 38.9204579, -77.23330660000001 38.9206174, -77.233548 38.920867)",auto,0
Leesburg Pike,24771,227892683,2438,13545,1,47.75229772864061,3,35,,trunk,2,"LINESTRING (-77.233548 38.920867, -77.2338709 38.9212153)",auto,0
Leesburg Pike,25376,237173209,11001,10999,1,144.9964723980035,3,35,,trunk,2,"LINESTRING (-77.1955878 38.8979485, -77.1943041 38.8971105)",auto,0
Leesburg Pike,25377,237173209,10999,10997,1,44.367201893691615,3,35,,trunk,2,"LINESTRING (-77.1943041 38.8971105, -77.19391709999999 38.8968488)",auto,0
Leesburg Pike,25378,237173209,10997,13738,1,29.49477424875261,3,35,,trunk,2,"LINESTRING (-77.19391709999999 38.8968488, -77.1936558 38.8966785)",auto,0
Leesburg Pike,25383,237173229,11024,2432,1,11.124019589344618,3,35,,trunk,2,"LINESTRING (-77.2144851 38.9087421, -77.2145864 38.9088037)",auto,0
Leesburg Pike,25491,268118910,12828,12388,1,398.936674045025,3,45,,trunk,2,"LINESTRING (-77.3642456 39.0109544, -77.3648274 39.0112788, -77.3656032 39.0117001, -77.36675649999999 39.0122856, -77.3680805 39.0129514)",auto,0
Leesburg Pike,25492,268118910,12388,10236,1,41.716431210261476,3,45,,trunk,2,"LINESTRING (-77.3680805 39.0129514, -77.3684813 39.0131606)",auto,0
Leesburg Pike,25619,294591893,2444,13731,1,183.2712408921136,2,55,,trunk,2,"LINESTRING (-77.25768960000001 38.9455514, -77.2582974 38.9461585, -77.25876890000001 38.9466254, -77.2589953 38.9468496)",auto,0
Leesburg Pike,25628,294597722,12504,1299,1,66.55307661197985,4,35,,trunk,2,"LINESTRING (-77.2481587 38.9355398, -77.24767249999999 38.9350759)",auto,0
Leesburg Pike,25629,294597722,1299,1894,1,58.57380088408822,4,35,,trunk,2,"LINESTRING (-77.24767249999999 38.9350759, -77.2472387 38.9346714)",auto,0
Leesburg Pike,25630,294597723,462,10028,1,146.55740217574387,2,45,,trunk,2,"LINESTRING (-77.2479759 38.935646, -77.24864100000001 38.936337, -77.24899139999999 38.9367011)",auto,0
Leesburg Pike,25631,294597723,10028,2443,1,478.76051212796096,2,45,,trunk,2,"LINESTRING (-77.24899139999999 38.9367011, -77.2493674 38.9370862, -77.249701 38.937428, -77.250832 38.938593, -77.251914 38.939699, -77.2523375 38.940131)",auto,0
Leesburg Pike,25849,318555365,13903,11028,1,70.21507796217654,3,35,,trunk,2,"LINESTRING (-77.2164588 38.9096694, -77.2158058 38.9092945)",auto,0
Leesburg Pike,25850,318555366,11153,604,1,90.37987968240326,2,35,,trunk,2,"LINESTRING (-77.216345 38.909788, -77.2171743 38.9102822)",auto,0
Leesburg Pike,25920,337013326,12948,2467,1,210.02287907305092,6,55,,trunk,2,"LINESTRING (-77.3129742 38.9769167, -77.3132832 38.9770139, -77.31368550000001 38.977154, -77.31406990000001 38.9773027, -77.3144858 38.9774831, -77.314519 38.9774975, -77.31512429999999 38.9777887)",auto,0
Leesburg Pike,26527,468784595,12627,10991,1,14.841839699426194,4,35,,trunk,2,"LINESTRING (-77.1905398 38.894674, -77.19040579999999 38.8945907)",auto,0
Leesburg Pike,26528,468784596,13214,12627,1,55.00985820905439,5,35,,trunk,2,"LINESTRING (-77.1910312 38.8949878, -77.1909218 38.8949179, -77.1907233 38.8947912, -77.1905914 38.8947069, -77.1905398 38.894674)",auto,0
Leesburg Pike,26534,468785810,13217,11008,1,67.81748557598429,4,35,,trunk,2,"LINESTRING (-77.2034623 38.9029497, -77.2029517 38.9026261, -77.20285509999999 38.9025641)",auto,0
Leesburg Pike,26535,468785811,13218,11005,1,115.31097042195492,4,35,,trunk,2,"LINESTRING (-77.20079 38.901263, -77.1997384 38.9006261)",auto,0
Leesburg Pike,26536,468786399,13219,11019,1,64.70027163915242,3,35,,trunk,2,"LINESTRING (-77.210981 38.9075618, -77.211696 38.9077321)",auto,0
Leesburg Pike,26537,468786402,11017,13219,1,86.19028189399998,2,35,,trunk,2,"LINESTRING (-77.21003 38.9073312, -77.210981 38.9075618)",auto,0
Leesburg Pike,26538,468786406,13220,11016,1,84.4753175636927,3,35,,trunk,2,"LINESTRING (-77.2110048 38.9074454, -77.2100745 38.907215)",auto,0
Leesburg Pike,26539,468786412,11022,13740,1,118.03294450862619,3,35,,trunk,2,"LINESTRING (-77.2145435 38.9086089, -77.21445989999999 38.9085652, -77.21371670000001 38.9081773, -77.2133913 38.9080427)",auto,0
Leesburg Pike,26540,468786417,13221,11017,1,54.438826678436854,3,35,,trunk,2,"LINESTRING (-77.20942580000001 38.9071947, -77.21003 38.9073312)",auto,0
Leesburg Pike,26541,468786418,9773,13221,1,274.12655653319007,2,35,,trunk,2,"LINESTRING (-77.206604 38.9061442, -77.2067483 38.9062466, -77.20706920000001 38.9064454, -77.2074075 38.9066153, -77.2076596 38.9067333, -77.2079377 38.9068348, -77.20822510000001 38.9069138, -77.20942580000001 38.9071947)",auto,0
Leesburg Pike,26542,468786419,13222,9773,1,72.91807375281908,4,35,,trunk,2,"LINESTRING (-77.2060637 38.9056413, -77.2063335 38.9059069, -77.206604 38.9061442)",auto,0
Leesburg Pike,26543,468786420,11011,11012,1,102.83960824997949,3,35,,trunk,2,"LINESTRING (-77.2046363 38.9042094, -77.20535649999999 38.9049451)",auto,0
Leesburg Pike,26544,468786420,11012,13222,1,98.6794881868526,3,35,,trunk,2,"LINESTRING (-77.20535649999999 38.9049451, -77.2060637 38.9056413)",auto,0
Leesburg Pike,26545,468786421,13223,11011,1,39.962636554550095,4,35,,trunk,2,"LINESTRING (-77.20435000000001 38.9039274, -77.2046363 38.9042094)",auto,0
Leesburg Pike,26546,468786422,11009,13223,1,198.19876269398966,2,35,,trunk,2,"LINESTRING (-77.2027532 38.9026597, -77.20285869999999 38.9027268, -77.20333720000001 38.903031, -77.2036167 38.9032382, -77.2039075 38.9034915, -77.20435000000001 38.9039274)",auto,0
Leesburg Pike,26846,468895269,2437,11147,1,33.01346129493699,4,45,,trunk,2,"LINESTRING (-77.2302195 38.9181189, -77.230452 38.9182959, -77.23049229999999 38.9183265)",auto,0
Leesburg Pike,26847,468895270,11102,2435,1,79.54647383069519,5,45,,trunk,2,"LINESTRING (-77.22564029999999 38.9151008, -77.22630789999999 38.9155121, -77.2263609 38.9155451)",auto,0
Leesburg Pike,26848,468895271,11553,2433,1,94.31142093450813,4,45,,trunk,2,"LINESTRING (-77.22096670000001 38.9123328, -77.2214125 38.9125743, -77.2218574 38.9128217)",auto,0
Leesburg Pike,26849,468895272,2485,13312,1,22.827376189700765,5,35,,trunk,2,"LINESTRING (-77.2246377 38.9142377, -77.2244335 38.9141077)",auto,0
Leesburg Pike,26850,468895273,13312,971,1,60.38372179612322,6,35,,trunk,2,"LINESTRING (-77.2244335 38.9141077, -77.2239775 38.9138311, -77.22388309999999 38.9137738)",auto,0
Leesburg Pike,26851,468895274,971,11145,1,174.81628808599083,3,35,,trunk,2,"LINESTRING (-77.22388309999999 38.9137738, -77.2231986 38.9133712, -77.2229373 38.9132251, -77.22224900000001 38.9128495)",auto,0
Leesburg Pike,26852,468895274,11145,11131,1,23.50815323459837,3,35,,trunk,2,"LINESTRING (-77.22224900000001 38.9128495, -77.22202710000001 38.9127275)",auto,0
Leesburg Pike,26853,468895274,11131,2484,1,28.04874309721781,3,35,,trunk,2,"LINESTRING (-77.22202710000001 38.9127275, -77.2217612 38.9125832)",auto,0
Leesburg Pike,26854,468895274,2484,2483,1,38.54450269645242,3,35,,trunk,2,"LINESTRING (-77.2217612 38.9125832, -77.2214031 38.912377)",auto,0
Leesburg Pike,26855,468895275,13313,11024,1,52.76347757505826,4,35,,trunk,2,"LINESTRING (-77.2139912 38.908464, -77.21418199999999 38.908565, -77.2143944 38.9086891, -77.2144851 38.9087421)",auto,0
Leesburg Pike,26856,468895276,13314,13313,1,46.88231345485548,3,35,,trunk,2,"LINESTRING (-77.2135236 38.908251, -77.2139912 38.908464)",auto,0
Leesburg Pike,26857,468895279,11019,13314,1,168.60840539999833,2,35,,trunk,2,"LINESTRING (-77.211696 38.9077321, -77.2124974 38.9079201, -77.2127497 38.90799, -77.2131814 38.9081257, -77.2135236 38.908251)",auto,0
Leesburg Pike,26926,468900571,11018,13220,1,66.48938395732945,2,35,,trunk,2,"LINESTRING (-77.2117417 38.9076149, -77.2110048 38.9074454)",auto,0
Leesburg Pike,26927,468900572,13338,11018,1,67.32340747567915,3,35,,trunk,2,"LINESTRING (-77.2124906 38.9077791, -77.2117417 38.9076149)",auto,0
Leesburg Pike,27034,469115432,13376,13375,1,31.82313437504552,3,45,,trunk,2,"LINESTRING (-77.2541488 38.9416854, -77.2539264 38.9414574)",auto,0
Leesburg Pike,27035,469115433,13375,12502,1,67.01995278407053,4,45,,trunk,2,"LINESTRING (-77.2539264 38.9414574, -77.2536338 38.9411622, -77.25345369999999 38.9409798)",auto,0
Leesburg Pike,27036,469115434,13377,9818,1,69.50088424601282,3,45,,trunk,2,"LINESTRING (-77.25210199999999 38.9396008, -77.2516169 38.9391025)",auto,0
Leesburg Pike,27037,469115435,9818,13378,1,180.53745343895312,2,45,,trunk,2,"LINESTRING (-77.2516169 38.9391025, -77.2514888 38.93897, -77.2512723 38.93875, -77.25062 38.938088, -77.2504698 38.9379328, -77.2503521 38.9378109)",auto,0
Leesburg Pike,27038,469115439,13378,2495,1,43.00547746862853,3,45,,trunk,2,"LINESTRING (-77.2503521 38.9378109, -77.2500512 38.937503)",auto,0
Leesburg Pike,27039,469115440,2495,9817,1,59.780310714393465,2,45,,trunk,2,"LINESTRING (-77.2500512 38.937503, -77.24981080000001 38.9372555, -77.2496422 38.9370697)",auto,0
Leesburg Pike,27040,469115441,13379,12504,1,56.823248080095,3,35,,trunk,2,"LINESTRING (-77.2485611 38.9359437, -77.2483134 38.9356903, -77.2481587 38.9355398)",auto,0
Leesburg Pike,27043,469115444,13381,2442,1,80.0473264814635,7,35,,trunk,2,"LINESTRING (-77.24191879999999 38.9295884, -77.24209860000001 38.9297783, -77.2423514 38.9300245, -77.2424735 38.9301642)",auto,0
Leesburg Pike,27044,469115445,13382,13381,1,69.32829751839937,5,35,,trunk,2,"LINESTRING (-77.2414426 38.9290869, -77.2418617 38.9295281, -77.24191879999999 38.9295884)",auto,0
Leesburg Pike,27086,469118178,2439,11110,1,171.9966257213943,6,35,,trunk,2,"LINESTRING (-77.23522199999999 38.9226833, -77.2353923 38.9228798, -77.2354941 38.9229931, -77.2355397 38.9230417, -77.2358155 38.9233229, -77.2362105 38.9237228, -77.23624719999999 38.92376, -77.2364084 38.923924)",auto,0
Leesburg Pike,27087,469118179,11110,2440,1,14.216698558429153,4,35,,trunk,2,"LINESTRING (-77.2364084 38.923924, -77.2365085 38.9240254)",auto,0
Leesburg Pike,27088,469118260,13390,13737,1,122.68494865194107,6,35,,trunk,2,"LINESTRING (-77.23828930000001 38.9252929, -77.2381156 38.9250934, -77.2379715 38.9249334, -77.23777029999999 38.9247232, -77.2374547 38.9244012)",auto,0
Leesburg Pike,27553,534346907,9833,2493,1,83.10929644821779,3,35,,trunk,2,"LINESTRING (-77.2454183 38.9326684, -77.2453352 38.9325696, -77.2452849 38.9325084, -77.24521129999999 38.9324189, -77.2450649 38.9322433, -77.2449905 38.9321553, -77.24488909999999 38.9320447)",auto,0
Leesburg Pike,27557,534346938,2493,784,1,89.52523011717643,3,35,,trunk,2,"LINESTRING (-77.24488909999999 38.9320447, -77.244682 38.9318269, -77.2445924 38.9317307, -77.2444761 38.9316025, -77.2442832 38.931392)",auto,0
Leesburg Pike,27559,534348236,11147,11129,1,37.14354738610131,3,35,,trunk,2,"LINESTRING (-77.23049229999999 38.9183265, -77.2305992 38.9184057, -77.2307998 38.9185596)",auto,0
Leesburg Pike,27599,535488875,12387,2249,1,47.463795628670276,3,55,,trunk,2,"LINESTRING (-77.3453288 39.0006868, -77.34543650000001 39.000739, -77.345795 39.0009125)",auto,0
Leesburg Pike,27600,535488875,2249,12386,1,881.6150854073938,3,55,,trunk,2,"LINESTRING (-77.345795 39.0009125, -77.3469606 39.0014873, -77.3499674 39.0029701, -77.3500336 39.0030027, -77.35054890000001 39.0032869, -77.3523952 39.0043052, -77.353165 39.0047298, -77.353742 39.005048, -77.354252 39.0053422)",auto,0
Leesburg Pike,27605,535528611,2487,11148,1,36.9945509242882,3,35,,trunk,2,"LINESTRING (-77.2278646 38.9162857, -77.22753179999999 38.9160768)",auto,0
Leesburg Pike,27608,535528614,11149,2488,1,15.972842732398565,3,35,,trunk,2,"LINESTRING (-77.228988 38.9169744, -77.22884070000001 38.9168878)",auto,0
Leesburg Pike,27609,535528614,2488,2487,1,107.76804958491422,3,35,,trunk,2,"LINESTRING (-77.22884070000001 38.9168878, -77.2278646 38.9162857)",auto,0
Leesburg Pike,27610,535528615,12638,11150,1,25.50506619271282,3,45,,trunk,2,"LINESTRING (-77.22874590000001 38.9170752, -77.2289765 38.9172181)",auto,0
Leesburg Pike,27611,535528615,11150,11132,1,91.11967282317812,3,45,,trunk,2,"LINESTRING (-77.2289765 38.9172181, -77.22902999999999 38.917254, -77.229297 38.917436, -77.229541 38.91761, -77.229752 38.9177722)",auto,0
Leesburg Pike,27612,535528615,11132,2437,1,55.876807194049995,3,45,,trunk,2,"LINESTRING (-77.229752 38.9177722, -77.22989819999999 38.9178783, -77.2302195 38.9181189)",auto,0
Leesburg Pike,27613,535528894,2436,11136,1,48.96287848946662,3,45,,trunk,2,"LINESTRING (-77.227709 38.916417, -77.2281461 38.9166967)",auto,0
Leesburg Pike,27614,535528894,11136,12638,1,66.8143416766366,3,45,,trunk,2,"LINESTRING (-77.2281461 38.9166967, -77.22874590000001 38.9170752)",auto,0
Leesburg Pike,27635,535541537,11104,2436,1,84.45482138832047,3,45,,trunk,2,"LINESTRING (-77.2269548 38.9159348, -77.227709 38.916417)",auto,0
Leesburg Pike,27636,535541548,11109,11106,1,55.191623859340105,3,35,,trunk,2,"LINESTRING (-77.226495 38.9154095, -77.22643619999999 38.9153708, -77.2259991 38.9150973)",auto,0
Leesburg Pike,27637,535541548,11106,13742,1,105.13855228196043,3,35,,trunk,2,"LINESTRING (-77.2259991 38.9150973, -77.22585050000001 38.9150041, -77.2254059 38.9147172, -77.22519440000001 38.9145771, -77.2250612 38.9144962)",auto,0
Leesburg Pike,27639,535558698,1589,12667,1,70.34857714146979,3,35,,trunk,2,"LINESTRING (-77.2452475 38.9328924, -77.2457333 38.9333998)",auto,0
Leesburg Pike,27642,535658885,11113,499,1,78.07812540749389,3,35,,trunk,2,"LINESTRING (-77.2314561 38.9190943, -77.2320904 38.9195938)",auto,0
Leesburg Pike,27643,535658886,11129,11113,1,82.21227707572893,3,35,,trunk,2,"LINESTRING (-77.2307998 38.9185596, -77.2314561 38.9190943)",auto,0
Leesburg Pike,27645,535658888,11108,502,1,86.1441148075224,3,35,,trunk,2,"LINESTRING (-77.2313561 38.9188062, -77.2311704 38.9186578, -77.230678 38.918239)",auto,0
Leesburg Pike,27649,535719622,2455,2456,1,151.2840591935429,2,55,,trunk,2,"LINESTRING (-77.2768753 38.9596325, -77.2771721 38.9598438, -77.2781538 38.9605613)",auto,0
Leesburg Pike,27650,535719623,12417,13716,1,95.571374321651,2,55,,trunk,2,"LINESTRING (-77.27827670000001 38.960502, -77.2777246 38.9601024, -77.2774687 38.9599155)",auto,0
Leesburg Pike,27651,535719624,2454,2455,1,261.58070631602953,2,55,,trunk,2,"LINESTRING (-77.27466149999999 38.9580293, -77.2747785 38.9581172, -77.27488839999999 38.9581919, -77.2759428 38.9589526, -77.2768753 38.9596325)",auto,0
Leesburg Pike,27654,535719626,10006,10007,1,69.16398846308113,4,55,,trunk,2,"LINESTRING (-77.27538389999999 38.958393, -77.2749323 38.9580687, -77.2747988 38.9579689)",auto,0
Leesburg Pike,27941,572980950,1622,1589,1,95.03488610072901,3,35,,trunk,2,"LINESTRING (-77.2445823 38.9322122, -77.24483499999999 38.932466, -77.24512 38.9327606, -77.2452475 38.9328924)",auto,0
Leesburg Pike,27945,572980964,2441,13104,1,159.7825729403114,5,35,,trunk,2,"LINESTRING (-77.2398292 38.9273641, -77.2399958 38.927537, -77.2403322 38.9278958, -77.2407762 38.9283798, -77.2409021 38.9285334)",auto,0
Leesburg Pike,27946,572980969,13104,14130,1,43.835356650670406,4,35,,trunk,2,"LINESTRING (-77.2409021 38.9285334, -77.2410641 38.928705, -77.2412064 38.9288486)",auto,0
Leesburg Pike,27950,572980986,13545,2439,1,200.77953490918563,4,35,,trunk,2,"LINESTRING (-77.2338709 38.9212153, -77.2342979 38.9216736, -77.23455989999999 38.9219478, -77.23472049999999 38.922124, -77.23522199999999 38.9226833)",auto,0
Leesburg Pike,27951,572980990,502,2490,1,72.57447109228623,3,35,,trunk,2,"LINESTRING (-77.230678 38.918239, -77.2303354 38.9179589, -77.23010410000001 38.917763)",auto,0
Leesburg Pike,27952,572980990,2490,2489,1,28.121914064383958,3,35,,trunk,2,"LINESTRING (-77.23010410000001 38.917763, -77.229878 38.9175813)",auto,0
Leesburg Pike,27953,572980997,11148,11107,1,48.994232766198714,5,35,,trunk,2,"LINESTRING (-77.22753179999999 38.9160768, -77.2270954 38.915796)",auto,0
Leesburg Pike,27955,572981007,972,13311,1,129.72888122245232,4,45,,trunk,2,"LINESTRING (-77.22378879999999 38.9139235, -77.2238631 38.9139713, -77.2242255 38.9142045, -77.22471299999999 38.91452, -77.2249484 38.914663)",auto,0
Leesburg Pike,27956,572981013,9737,11566,1,73.47684807291388,3,45,,trunk,2,"LINESTRING (-77.2185758 38.911045, -77.2192788 38.9114157)",auto,0
Leesburg Pike,27957,572981013,11566,11553,1,178.12471231198947,3,45,,trunk,2,"LINESTRING (-77.2192788 38.9114157, -77.2205721 38.9121133, -77.22096670000001 38.9123328)",auto,0
Leesburg Pike,27959,572981024,13663,11010,1,80.33436047443868,3,35,,trunk,2,"LINESTRING (-77.2053152 38.9047079, -77.20474230000001 38.9041394)",auto,0
Leesburg Pike,27960,572981029,11010,13217,1,173.00240483436264,3,35,,trunk,2,"LINESTRING (-77.20474230000001 38.9041394, -77.20441049999999 38.903791, -77.20404310000001 38.9034051, -77.2037407 38.9031541, -77.2034623 38.9029497)",auto,0
Leesburg Pike,27961,572981035,13494,11009,1,52.86397134812675,4,35,,trunk,2,"LINESTRING (-77.20227970000001 38.9023593, -77.2027532 38.9026597)",auto,0
Leesburg Pike,27962,572981040,11006,13494,1,291.52552410043467,2,35,,trunk,2,"LINESTRING (-77.1996571 38.9007137, -77.20227970000001 38.9023593)",auto,0
Leesburg Pike,27966,572983041,2486,11109,1,14.175732532605982,5,35,,trunk,2,"LINESTRING (-77.2266211 38.9154909, -77.226495 38.9154095)",auto,0
Leesburg Pike,27967,572983042,2435,11072,1,14.342877633436814,3,45,,trunk,2,"LINESTRING (-77.2263609 38.9155451, -77.22648479999999 38.9156308)",auto,0
Leesburg Pike,28001,573381408,9990,9987,1,87.7294304610721,5,55,,trunk,2,"LINESTRING (-77.34351839999999 38.9994705, -77.34312009999999 38.9992016, -77.34289219999999 38.9990488, -77.3427521 38.998953)",auto,0
Leesburg Pike,28004,573381420,2475,2476,1,183.4881532315106,3,55,,trunk,2,"LINESTRING (-77.3410604 38.9980091, -77.34263989999999 38.9991119)",auto,0
Leesburg Pike,28005,573381426,9991,10387,1,110.05512710330736,4,55,,trunk,2,"LINESTRING (-77.3373976 38.9951962, -77.3367257 38.9947199, -77.3364558 38.99453)",auto,0
Leesburg Pike,28006,573381438,2472,10373,1,107.11526460563415,4,55,,trunk,2,"LINESTRING (-77.33534040000001 38.9940131, -77.3362712 38.9946492)",auto,0
Leesburg Pike,28009,573381491,12386,13667,1,103.04777338437832,5,55,,trunk,2,"LINESTRING (-77.354252 39.0053422, -77.3552028 39.0059016)",auto,0
Leesburg Pike,28010,573381508,13667,2478,1,53.275402114992495,4,55,,trunk,2,"LINESTRING (-77.3552028 39.0059016, -77.3557033 39.0061814)",auto,0
Leesburg Pike,28011,573381524,2478,2479,1,227.18898904270782,5,55,,trunk,2,"LINESTRING (-77.3557033 39.0061814, -77.3566922 39.0067303, -77.3578304 39.0073823)",auto,0
Leesburg Pike,28012,573381537,2476,13668,1,112.1676411465332,3,55,,trunk,2,"LINESTRING (-77.34263989999999 38.9991119, -77.34273020000001 38.9991768, -77.3430951 38.9994391, -77.3433081 38.9995923, -77.3436038 38.9997872)",auto,0
Leesburg Pike,28013,573381543,2477,989,1,47.75075025507306,3,55,,trunk,2,"LINESTRING (-77.3447831 39.0004273, -77.3450552 39.000556, -77.3452551 39.0006506)",auto,0
Leesburg Pike,28048,573391771,13131,9641,1,14.785436262932697,3,45,,trunk,2,"LINESTRING (-77.3710543 39.0141705, -77.37091289999999 39.0140956)",auto,0
Leesburg Pike,28059,575168112,11005,11004,1,34.358713092019116,3,35,,trunk,2,"LINESTRING (-77.1997384 38.9006261, -77.1994352 38.9004266)",auto,0
Leesburg Pike,28060,575168113,11003,11006,1,87.43233603947624,4,35,,trunk,2,"LINESTRING (-77.1988802 38.900211, -77.1996571 38.9007137)",auto,0
Leesburg Pike,28132,577226298,10004,13715,1,43.648020892068736,3,55,,trunk,2,"LINESTRING (-77.276405 38.9591368, -77.276037 38.9588681)",auto,0
Leesburg Pike,28133,577226299,10029,10004,1,67.290535516034,2,55,,trunk,2,"LINESTRING (-77.2769713 38.9595519, -77.276405 38.9591368)",auto,0
Leesburg Pike,28134,577226304,13716,10029,1,59.027451664021186,3,55,,trunk,2,"LINESTRING (-77.2774687 38.9599155, -77.27706209999999 38.9596186, -77.2769713 38.9595519)",auto,0
Leesburg Pike,28135,577226305,13717,12417,1,87.3198296685371,3,55,,trunk,2,"LINESTRING (-77.27901610000001 38.9610369, -77.2785373 38.9606906, -77.27827670000001 38.960502)",auto,0
Leesburg Pike,28136,577226306,2456,2457,1,153.27197468754142,3,55,,trunk,2,"LINESTRING (-77.2781538 38.9605613, -77.27870830000001 38.9609675, -77.279443 38.9615074)",auto,0
Leesburg Pike,28137,577226307,10002,10003,1,59.81799223268822,4,55,,trunk,2,"LINESTRING (-77.2800582 38.9617866, -77.27954889999999 38.9614225)",auto,0
Leesburg Pike,28138,577226308,10001,10002,1,72.76675193883938,3,55,,trunk,2,"LINESTRING (-77.2806724 38.962234, -77.2800582 38.9617866)",auto,0
Leesburg Pike,28139,577226309,10003,13717,1,62.93315976832965,2,55,,trunk,2,"LINESTRING (-77.27954889999999 38.9614225, -77.2794225 38.9613309, -77.27901610000001 38.9610369)",auto,0
Leesburg Pike,28140,577226310,2458,2459,1,31.010623777662797,3,55,,trunk,2,"LINESTRING (-77.2842448 38.9648003, -77.2845669 38.964923)",auto,0
Leesburg Pike,28141,577226311,2459,855,1,63.17932323961768,4,55,,trunk,2,"LINESTRING (-77.2845669 38.964923, -77.2852324 38.9651577)",auto,0
Leesburg Pike,28142,577226312,855,2460,1,227.86107317586638,2,55,,trunk,2,"LINESTRING (-77.2852324 38.9651577, -77.2860167 38.9654369, -77.2865886 38.9656453, -77.28762519999999 38.9660167)",auto,0
Leesburg Pike,28143,577226313,10000,13718,1,133.19290301032993,2,55,,trunk,2,"LINESTRING (-77.28763050000001 38.965896, -77.28623210000001 38.9653934)",auto,0
Leesburg Pike,28144,577226314,13718,10059,1,87.97846580094513,3,55,,trunk,2,"LINESTRING (-77.28623210000001 38.9653934, -77.2853089 38.9650606)",auto,0
Leesburg Pike,28145,577226315,13719,10024,1,35.462043087579744,3,55,,trunk,2,"LINESTRING (-77.2925461 38.9676466, -77.2921743 38.9675119)",auto,0
Leesburg Pike,28146,577226316,10024,10058,1,67.70071021258221,4,55,,trunk,2,"LINESTRING (-77.2921743 38.9675119, -77.2914593 38.9672636)",auto,0
Leesburg Pike,28147,577226317,13720,2463,1,60.49260390519087,3,55,,trunk,2,"LINESTRING (-77.294543 38.9687782, -77.2951068 38.9691004)",auto,0
Leesburg Pike,28148,577226318,2462,13720,1,314.88007770321235,2,55,,trunk,2,"LINESTRING (-77.29140390000001 38.9673601, -77.2915794 38.9674223, -77.2920342 38.9675874, -77.29247410000001 38.9677438, -77.2928242 38.9678855, -77.2932986 38.9681019, -77.2936179 38.9682581, -77.2938887 38.9684044, -77.294543 38.9687782)",auto,0
Leesburg Pike,28149,577226319,13721,10023,1,72.45411445772848,3,55,,trunk,2,"LINESTRING (-77.295937 38.9693236, -77.29526180000001 38.9689376)",auto,0
Leesburg Pike,28150,577226320,10025,13721,1,203.63136281523117,2,55,,trunk,2,"LINESTRING (-77.2978365 38.9704065, -77.2962517 38.9695035, -77.295937 38.9693236)",auto,0
Leesburg Pike,28151,577226321,13722,10025,1,113.71454849461023,3,55,,trunk,2,"LINESTRING (-77.298897 38.9710115, -77.2978365 38.9704065)",auto,0
Leesburg Pike,28152,577226322,13723,13722,1,215.388556667814,2,55,,trunk,2,"LINESTRING (-77.3009114 38.9721514, -77.30069399999999 38.9720267, -77.29949790000001 38.9713521, -77.29914890000001 38.9711552, -77.298897 38.9710115)",auto,0
Leesburg Pike,28153,577226326,9997,13723,1,245.02960663736684,3,55,,trunk,2,"LINESTRING (-77.3031922 38.9734597, -77.3022058 38.9728939, -77.3019039 38.9727207, -77.3009114 38.9721514)",auto,0
Leesburg Pike,28154,577226330,9995,9997,1,73.74699982731872,2,55,,trunk,2,"LINESTRING (-77.3038871 38.9738444, -77.3035418 38.9736553, -77.3031922 38.9734597)",auto,0
Leesburg Pike,28155,577226331,12410,9995,1,103.36128680765516,4,55,,trunk,2,"LINESTRING (-77.3049099 38.9743247, -77.3047049 38.9742411, -77.3044787 38.9741389, -77.3041894 38.9739993, -77.3038871 38.9738444)",auto,0
Leesburg Pike,28156,577226332,2465,12409,1,75.8297568588784,3,55,,trunk,2,"LINESTRING (-77.3070814 38.9752217, -77.3079067 38.9754528)",auto,0
Leesburg Pike,28157,577226333,12409,2466,1,211.0595393745647,2,55,,trunk,2,"LINESTRING (-77.3079067 38.9754528, -77.3084252 38.9756075, -77.309026 38.9757806, -77.3093882 38.9758854, -77.309682 38.9759704, -77.31019329999999 38.9761182)",auto,0
Leesburg Pike,28158,577226333,2466,13724,1,17.756325731999322,2,55,,trunk,2,"LINESTRING (-77.31019329999999 38.9761182, -77.3103867 38.976172)",auto,0
Leesburg Pike,28159,577226334,9996,12412,1,81.04077710937125,3,55,,trunk,2,"LINESTRING (-77.3088723 38.9755219, -77.3079924 38.9752704)",auto,0
Leesburg Pike,28160,577226335,13727,9996,1,198.80777459088768,2,55,,trunk,2,"LINESTRING (-77.3110286 38.9761436, -77.3106228 38.9760272, -77.310025 38.9758511, -77.3088723 38.9755219)",auto,0
Leesburg Pike,28161,577226336,13724,13725,1,51.75550204587592,3,55,,trunk,2,"LINESTRING (-77.3103867 38.976172, -77.3105683 38.9762226, -77.3109484 38.9763331)",auto,0
Leesburg Pike,28162,577226337,13725,12948,1,186.75907565443302,2,55,,trunk,2,"LINESTRING (-77.3109484 38.9763331, -77.3120334 38.976639, -77.3129742 38.9769167)",auto,0
Leesburg Pike,28163,577226339,13726,13727,1,78.01592321888437,3,55,,trunk,2,"LINESTRING (-77.3118752 38.9763867, -77.3114884 38.9762755, -77.3110286 38.9761436)",auto,0
Leesburg Pike,28164,577226340,12309,13726,1,317.6455054404236,2,55,,trunk,2,"LINESTRING (-77.3151986 38.9775855, -77.3146055 38.9773007, -77.31398590000001 38.9770401, -77.31348439999999 38.9768607, -77.3129694 38.9767002, -77.31230499999999 38.9765103, -77.3118752 38.9763867)",auto,0
Leesburg Pike,28165,577238089,2443,1439,1,134.98414104151468,3,45,,trunk,2,"LINESTRING (-77.2523375 38.940131, -77.25319330000001 38.9410071, -77.2532817 38.9410976)",auto,0
Leesburg Pike,28166,577238090,13729,12499,1,76.20221162768966,4,45,,trunk,2,"LINESTRING (-77.2544903 38.9423334, -77.2547454 38.942591, -77.255028 38.9428763)",auto,0
Leesburg Pike,28167,577238091,12503,13729,1,93.86904568674149,4,45,,trunk,2,"LINESTRING (-77.253828 38.9416646, -77.2544903 38.9423334)",auto,0
Leesburg Pike,28168,577238092,12499,1477,1,12.827716090936955,4,45,,trunk,2,"LINESTRING (-77.255028 38.9428763, -77.25511849999999 38.9429677)",auto,0
Leesburg Pike,28169,577238093,9998,12491,1,12.139387891831026,4,45,,trunk,2,"LINESTRING (-77.25530209999999 38.9428539, -77.2552158 38.9427678)",auto,0
Leesburg Pike,28170,577238094,10022,9998,1,174.5303640765914,5,45,,trunk,2,"LINESTRING (-77.25653370000001 38.9440973, -77.2553937 38.9429464, -77.25530209999999 38.9428539)",auto,0
Leesburg Pike,28171,577238098,10020,10021,1,60.606281347254466,3,45,,trunk,2,"LINESTRING (-77.2578595 38.9454516, -77.2574438 38.9450128)",auto,0
Leesburg Pike,28172,577238099,13730,2444,1,91.24586252888923,3,45,,trunk,2,"LINESTRING (-77.2570436 38.9449026, -77.2573479 38.9452094, -77.25768960000001 38.9455514)",auto,0
Leesburg Pike,28173,577238100,10019,10020,1,77.87056259396186,4,45,,trunk,2,"LINESTRING (-77.2584073 38.9460074, -77.2578595 38.9454516)",auto,0
Leesburg Pike,28174,577238101,13731,9876,1,14.956789346171927,3,55,,trunk,2,"LINESTRING (-77.2589953 38.9468496, -77.25910210000001 38.9469554)",auto,0
Leesburg Pike,28175,577238101,9876,12477,1,32.18392569896165,3,55,,trunk,2,"LINESTRING (-77.25910210000001 38.9469554, -77.2593297 38.9471844)",auto,0
Leesburg Pike,28176,577238102,12477,9878,1,76.3463212345073,2,55,,trunk,2,"LINESTRING (-77.2593297 38.9471844, -77.2598643 38.9477308)",auto,0
Leesburg Pike,28177,577238102,9878,2445,1,251.69310131126431,2,55,,trunk,2,"LINESTRING (-77.2598643 38.9477308, -77.2600487 38.9479147, -77.2611983 38.9490611, -77.26135170000001 38.949214, -77.26167270000001 38.9495039)",auto,0
Leesburg Pike,28178,577238103,13732,12483,1,70.72781912617256,3,55,,trunk,2,"LINESTRING (-77.25999299999999 38.9476017, -77.2594924 38.9470987)",auto,0
Leesburg Pike,28179,577238104,12483,10019,1,153.39822596076144,2,55,,trunk,2,"LINESTRING (-77.2594924 38.9470987, -77.25913420000001 38.9467364, -77.2584073 38.9460074)",auto,0
Leesburg Pike,28180,577238107,2445,1514,1,65.32989667015707,4,55,,trunk,2,"LINESTRING (-77.26167270000001 38.9495039, -77.262197 38.9499269)",auto,0
Leesburg Pike,28181,577238108,10017,12431,1,31.041777027785848,3,55,,trunk,2,"LINESTRING (-77.2629421 38.9503049, -77.26267350000001 38.9501197)",auto,0
Leesburg Pike,28182,577238109,12431,10018,1,45.49736807438953,4,55,,trunk,2,"LINESTRING (-77.26267350000001 38.9501197, -77.26248030000001 38.9499667, -77.26230390000001 38.9498285)",auto,0
Leesburg Pike,28183,577238111,13733,2446,1,91.40925236507843,3,55,,trunk,2,"LINESTRING (-77.26354739999999 38.9508302, -77.264368 38.9513484)",auto,0
Leesburg Pike,28184,577238117,10014,10015,1,95.69603642508801,3,55,,trunk,2,"LINESTRING (-77.2660893 38.952298, -77.2652343 38.9517516)",auto,0
Leesburg Pike,28185,577238120,10013,10014,1,95.95803892097065,2,55,,trunk,2,"LINESTRING (-77.2669444 38.952848, -77.26655340000001 38.9525938, -77.2660893 38.952298)",auto,0
Leesburg Pike,28186,577238126,13734,2447,1,104.04345113358507,3,55,,trunk,2,"LINESTRING (-77.2659187 38.9523369, -77.2668513 38.9529281)",auto,0
Leesburg Pike,28187,577238130,2446,13734,1,173.38650489743821,2,55,,trunk,2,"LINESTRING (-77.264368 38.9513484, -77.2659187 38.9523369)",auto,0
Leesburg Pike,28188,577238135,10012,10013,1,57.14885033644497,4,55,,trunk,2,"LINESTRING (-77.2674548 38.9531745, -77.2669444 38.952848)",auto,0
Leesburg Pike,28189,577238139,10011,10012,1,58.55517470919034,3,55,,trunk,2,"LINESTRING (-77.2679761 38.9535106, -77.2674548 38.9531745)",auto,0
Leesburg Pike,28190,577238142,10030,10011,1,87.9939710738694,2,55,,trunk,2,"LINESTRING (-77.26876369999999 38.9540117, -77.2679761 38.9535106)",auto,0
Leesburg Pike,28191,577238147,2448,2449,1,63.61652953455162,3,55,,trunk,2,"LINESTRING (-77.2681109 38.9537378, -77.2686829 38.9540976)",auto,0
Leesburg Pike,28192,577238152,2449,2450,1,33.84340224552585,2,55,,trunk,2,"LINESTRING (-77.2686829 38.9540976, -77.2689833 38.9542927)",auto,0
Leesburg Pike,28193,577238156,13735,10030,1,36.22650291796025,3,55,,trunk,2,"LINESTRING (-77.269087 38.9542189, -77.26882089999999 38.9540483, -77.26876369999999 38.9540117)",auto,0
Leesburg Pike,28194,577238160,10010,13735,1,38.37747443469248,2,55,,trunk,2,"LINESTRING (-77.2694295 38.9544384, -77.269087 38.9542189)",auto,0
Leesburg Pike,28195,577238164,2450,2451,1,40.634765016977546,3,55,,trunk,2,"LINESTRING (-77.2689833 38.9542927, -77.269345 38.954526)",auto,0
Leesburg Pike,28196,577238166,2451,2452,1,229.12500209937664,2,55,,trunk,2,"LINESTRING (-77.269345 38.954526, -77.2697558 38.9547838, -77.2704505 38.9552344, -77.2709038 38.9555243, -77.2713871 38.955839)",auto,0
Leesburg Pike,28197,577238167,10009,10010,1,72.9412142438562,4,55,,trunk,2,"LINESTRING (-77.2700857 38.9548506, -77.2694295 38.9544384)",auto,0
Leesburg Pike,28198,577238168,10008,10009,1,224.3311039170565,2,55,,trunk,2,"LINESTRING (-77.2720776 38.9561432, -77.271435 38.9557281, -77.2706999 38.9552511, -77.2700857 38.9548506)",auto,0
Leesburg Pike,28199,577238169,2452,12422,1,67.09447515515285,3,55,,trunk,2,"LINESTRING (-77.2713871 38.955839, -77.27198509999999 38.9562235)",auto,0
Leesburg Pike,28200,577238170,12422,2453,1,182.73843240167872,2,55,,trunk,2,"LINESTRING (-77.27198509999999 38.9562235, -77.27254670000001 38.956579, -77.27330550000001 38.9570735, -77.2736039 38.9572797)",auto,0
Leesburg Pike,28201,577238171,13736,10008,1,63.96039276699124,3,55,,trunk,2,"LINESTRING (-77.2726493 38.9565082, -77.2720776 38.9561432)",auto,0
Leesburg Pike,28202,577238172,10007,13736,1,246.90969244835514,2,55,,trunk,2,"LINESTRING (-77.2747988 38.9579689, -77.27442550000001 38.9576997, -77.27399320000001 38.9573901, -77.273554 38.957089, -77.27337470000001 38.9569759, -77.2731036 38.9567983, -77.2726493 38.9565082)",auto,0
Leesburg Pike,28203,577238173,2453,2454,1,123.77951361217166,4,55,,trunk,2,"LINESTRING (-77.2736039 38.9572797, -77.2741484 38.9576471, -77.2744742 38.9578837, -77.27466149999999 38.9580293)",auto,0
Leesburg Pike,28204,577238174,10005,10006,1,37.623336145877275,3,55,,trunk,2,"LINESTRING (-77.2757022 38.9586237, -77.27538389999999 38.958393)",auto,0
Leesburg Pike,28205,577238175,13715,10005,1,39.70582763636305,2,55,,trunk,2,"LINESTRING (-77.276037 38.9588681, -77.2757022 38.9586237)",auto,0
Leesburg Pike,28206,577251477,13737,11140,1,80.13840748002052,7,35,,trunk,2,"LINESTRING (-77.2374547 38.9244012, -77.23727220000001 38.9242125, -77.2372029 38.9241408, -77.23701 38.9239437, -77.23697060000001 38.9239034, -77.23689419999999 38.9238274)",auto,0
Leesburg Pike,28207,577258222,12639,11108,1,102.21163344897907,4,35,,trunk,2,"LINESTRING (-77.2322271 38.9194251, -77.23192179999999 38.9192399, -77.23158669999999 38.9189753, -77.2313561 38.9188062)",auto,0
Leesburg Pike,28209,577274701,10994,10996,1,132.34713182817708,2,35,,trunk,2,"LINESTRING (-77.1918787 38.8957076, -77.1920767 38.8958295, -77.1930538 38.8964692)",auto,0
Leesburg Pike,28212,577274703,10993,13643,1,53.788784718953096,3,35,,trunk,2,"LINESTRING (-77.1919869 38.8956054, -77.1915087 38.8952964)",auto,0
Leesburg Pike,28213,577274704,11000,11002,1,114.67921296056551,2,35,,trunk,2,"LINESTRING (-77.1945715 38.8974398, -77.1954645 38.8980137, -77.1955933 38.8980965)",auto,0
Leesburg Pike,28214,577274704,11002,10209,1,211.86952884089203,2,35,,trunk,2,"LINESTRING (-77.1955933 38.8980965, -77.1974838 38.8993072)",auto,0
Leesburg Pike,28215,577274704,10209,13922,1,99.5411444470238,2,35,,trunk,2,"LINESTRING (-77.1974838 38.8993072, -77.1983682 38.8998796)",auto,0
Leesburg Pike,28216,577274706,13738,10995,1,54.037051370084114,4,35,,trunk,2,"LINESTRING (-77.1936558 38.8966785, -77.1931744 38.896369)",auto,0
Leesburg Pike,28217,577274707,10995,10993,1,133.3069089384347,3,35,,trunk,2,"LINESTRING (-77.1931744 38.896369, -77.1919869 38.8956054)",auto,0
Leesburg Pike,28218,577274710,13643,13739,1,19.433160451702303,3,35,,trunk,2,"LINESTRING (-77.1915087 38.8952964, -77.19133600000001 38.8951847)",auto,0
Leesburg Pike,28219,577274715,13739,13214,1,34.280744044031785,5,35,,trunk,2,"LINESTRING (-77.19133600000001 38.8951847, -77.1911459 38.8950619, -77.1910312 38.8949878)",auto,0
Leesburg Pike,28220,577274721,11004,10208,1,181.32102379593826,2,35,,trunk,2,"LINESTRING (-77.1994352 38.9004266, -77.1978237 38.8993844)",auto,0
Leesburg Pike,28221,577274721,10208,11001,1,250.8617590013709,2,35,,trunk,2,"LINESTRING (-77.1978237 38.8993844, -77.1957197 38.8980333, -77.1955878 38.8979485)",auto,0
Leesburg Pike,28222,577274726,11014,13663,1,189.10588899814732,2,35,,trunk,2,"LINESTRING (-77.2066784 38.9060364, -77.2064288 38.9058203, -77.205431 38.9048236, -77.2053152 38.9047079)",auto,0
Leesburg Pike,28223,577274732,11016,11015,1,230.83033643881038,2,35,,trunk,2,"LINESTRING (-77.2100745 38.907215, -77.20899060000001 38.9069611, -77.2082647 38.9067911, -77.2078224 38.9066574, -77.2076473 38.9065843, -77.2075557 38.9065452)",auto,0
Leesburg Pike,28224,577274737,12785,13338,1,27.06880994488175,3,35,,trunk,2,"LINESTRING (-77.2127892 38.9078517, -77.2124906 38.9077791)",auto,0
Leesburg Pike,28225,577274743,13740,12785,1,56.27495723838705,3,35,,trunk,2,"LINESTRING (-77.2133913 38.9080427, -77.2130547 38.9079298, -77.2127892 38.9078517)",auto,0
Leesburg Pike,28226,577274748,1085,11025,1,17.267975500531627,6,35,,trunk,2,"LINESTRING (-77.2152238 38.9089672, -77.21506340000001 38.9088748)",auto,0
Leesburg Pike,28227,577274754,11025,11023,1,42.355103274848844,5,35,,trunk,2,"LINESTRING (-77.21506340000001 38.9088748, -77.2146529 38.9086673)",auto,0
Leesburg Pike,28228,577274759,11023,11022,1,11.479271101096053,5,35,,trunk,2,"LINESTRING (-77.2146529 38.9086673, -77.2145435 38.9086089)",auto,0
Leesburg Pike,28229,577274766,13741,2481,1,42.31091075693266,5,35,,trunk,2,"LINESTRING (-77.2189573 38.9110296, -77.21855739999999 38.9108106)",auto,0
Leesburg Pike,28230,577274772,13742,2485,1,46.57011903999992,5,35,,trunk,2,"LINESTRING (-77.2250612 38.9144962, -77.2248582 38.9143729, -77.2246377 38.9142377)",auto,0
Leesburg Pike,28557,590626156,10996,10998,1,92.26886452732633,2,35,,trunk,2,"LINESTRING (-77.1930538 38.8964692, -77.1938802 38.8969935)",auto,0
Leesburg Pike,28746,590898744,13311,11102,1,77.15785425573894,6,45,,trunk,2,"LINESTRING (-77.2249484 38.914663, -77.22564029999999 38.9151008)",auto,0
Leesburg Pike,28747,590898745,11554,972,1,9.040907426673275,4,45,,trunk,2,"LINESTRING (-77.22370890000001 38.9138711, -77.22378879999999 38.9139235)",auto,0
Leesburg Pike,28756,591112166,10998,11000,1,77.72913754934632,2,35,,trunk,2,"LINESTRING (-77.1938802 38.8969935, -77.1945715 38.8974398)",auto,0
Leesburg Pike,28764,592490704,849,9833,1,119.40220773706824,3,35,,trunk,2,"LINESTRING (-77.24616760000001 38.9335694, -77.24597009999999 38.9333624, -77.2457658 38.9331099, -77.2454183 38.9326684)",auto,0
Leesburg Pike,28768,592492189,13403,1622,1,68.30688702463391,4,35,,trunk,2,"LINESTRING (-77.2441003 38.9317256, -77.2442851 38.9319121, -77.2445823 38.9322122)",auto,0
Leesburg Pike,28796,592511495,12667,9738,1,53.592259975081426,4,35,,trunk,2,"LINESTRING (-77.2457333 38.9333998, -77.24583029999999 38.9334967, -77.2461172 38.9337781)",auto,0
Leesburg Pike,28825,596503540,2432,1773,1,100.49751064848171,3,35,,trunk,2,"LINESTRING (-77.2145864 38.9088037, -77.2155229 38.9093383)",auto,0
Leesburg Pike,29057,637677767,13922,11003,1,57.628214548342115,3,35,,trunk,2,"LINESTRING (-77.1983682 38.8998796, -77.1988802 38.900211)",auto,0
Leesburg Pike,29350,679106169,9994,12305,1,62.78098659022129,4,55,,trunk,2,"LINESTRING (-77.3164254 38.9782025, -77.31601329999999 38.9779989, -77.3158124 38.9778997)",auto,0
Leesburg Pike,29355,679106173,12305,10057,1,52.587916464586094,3,55,,trunk,2,"LINESTRING (-77.3158124 38.9778997, -77.3156603 38.9778245, -77.3154114 38.9776953, -77.3153021 38.9776423)",auto,0
Leesburg Pike,29356,679124569,9643,9644,1,408.1182977242497,3,45,,trunk,2,"LINESTRING (-77.368475 39.0128263, -77.3679666 39.0125694, -77.36651860000001 39.0118337, -77.3655452 39.0113424, -77.36452420000001 39.0108146)",auto,0
Leesburg Pike,29788,698706008,10057,12309,1,10.951463851000463,2,55,,trunk,2,"LINESTRING (-77.3153021 38.9776423, -77.3151986 38.9775855)",auto,0
Leesburg Pike,30307,765870340,2440,2441,1,469.45467254488716,4,35,,trunk,2,"LINESTRING (-77.2365085 38.9240254, -77.2366073 38.924126, -77.2367414 38.9242618, -77.23722770000001 38.9247421, -77.2374571 38.9249544, -77.23759509999999 38.9250854, -77.23778040000001 38.9252781, -77.23824430000001 38.9257441, -77.2386782 38.9261909, -77.2390599 38.9265826, -77.239271 38.9267962, -77.2395946 38.9271295, -77.2398292 38.9273641)",auto,0
Leesburg Pike,30315,765870346,11140,2491,1,13.78843068250682,7,35,,trunk,2,"LINESTRING (-77.23689419999999 38.9238274, -77.2367996 38.9237276)",auto,0
Leesburg Pike,30326,766097548,14131,13382,1,27.1699753160399,4,35,,trunk,2,"LINESTRING (-77.2412508 38.9288934, -77.2414426 38.9290869)",auto,0
Leesburg Pike,30327,766097550,14128,14129,1,7.587111962325628,6,35,,trunk,2,"LINESTRING (-77.2416389 38.9286808, -77.2415843 38.9286274)",auto,0
Leesburg Pike,30328,766097553,14129,2492,1,42.28732061905706,6,35,,trunk,2,"LINESTRING (-77.2415843 38.9286274, -77.2414299 38.9284768, -77.2412824 38.9283283)",auto,0
Leesburg Pike,30329,766097560,14130,14131,1,6.290181713669118,4,35,,trunk,2,"LINESTRING (-77.2412064 38.9288486, -77.2412508 38.9288934)",auto,0
Leesburg Pike,30796,864934446,13902,13903,1,8.221675434726759,6,35,,trunk,2,"LINESTRING (-77.2165361 38.9097124, -77.2164588 38.9096694)",auto,0
Leesburg Pike,30984,911652845,11555,11554,1,52.05454429385542,4,45,,trunk,2,"LINESTRING (-77.2232279 38.9135899, -77.22340699999999 38.913693, -77.22370890000001 38.9138711)",auto,0
Leesburg Pike,31005,917681735,11107,2486,1,53.2434487305435,5,35,,trunk,2,"LINESTRING (-77.2270954 38.915796, -77.2267063 38.9155464, -77.2266211 38.9154909)",auto,0
Leesburg Pike,31110,936232557,14355,1085,1,22.528303393776184,5,35,,trunk,2,"LINESTRING (-77.2154348 38.9090859, -77.2152238 38.9089672)",auto,0
Leesburg Pike,31111,936341159,2433,2434,1,103.519203654987,5,45,,trunk,2,"LINESTRING (-77.2218574 38.9128217, -77.22222429999999 38.9130134, -77.2228317 38.9133617)",auto,0
Leesburg Pike,31112,936341159,2434,11555,1,42.64911349266028,5,45,,trunk,2,"LINESTRING (-77.2228317 38.9133617, -77.2232279 38.9135899)",auto,0
