agent_id,from_node_id,to_node_id,timestamp,cumu_distance,hhmmss,trace_id,travel_time,delay,geometry
1,14870,9642,0,212.49,0000:00,1,0,0,"LINESTRING (-77.37091289999999 39.0140956, -77.3705497 39.0139079, -77.3703474 39.0138027, -77.3703184 39.0137875, -77.3695608 39.0133917, -77.36887400000001 39.0130269)"
1,9642,9643,0,253.55,0000:00,2,0,0,"LINESTRING (-77.36887400000001 39.0130269, -77.368475 39.0128263)"
1,9643,9644,0,661.67,0000:00,2,0,0,"LINESTRING (-77.368475 39.0128263, -77.3679666 39.0125694, -77.36651860000001 39.0118337, -77.3655452 39.0113424, -77.36452420000001 39.0108146)"
1,9644,12392,0,1067.71,0000:00,2,0,0,"LINESTRING (-77.36452420000001 39.0108146, -77.36354 39.0102784, -77.3618448 39.0093343, -77.361046 39.0088848, -77.3606994 39.0086931)"
1,12392,9992,0,1360.15,0000:00,3,0,0,"LINESTRING (-77.3606994 39.0086931, -77.3603746 39.0085126, -77.3599172 39.0082584, -77.3594521 39.0080039, -77.35813280000001 39.0072698, -77.3579458 39.0071639)"
1,9992,13666,0,1634.15,0000:00,3,0,0,"LINESTRING (-77.3579458 39.0071639, -77.3573033 39.0068166, -77.3553556 39.0057424)"
1,13666,9993,0,2187.09,0000:00,3,0,0,"LINESTRING (-77.3553556 39.0057424, -77.3543732 39.0051996, -77.35133039999999 39.0035185, -77.35014839999999 39.0028523)"
1,9993,9988,0,2273.98,0000:00,4,0,0,"LINESTRING (-77.35014839999999 39.0028523, -77.3493028 39.0024295)"
1,9988,9989,0,2672.99,0000:00,4,0,0,"LINESTRING (-77.3493028 39.0024295, -77.3477374 39.0016567, -77.3456048 39.0006041, -77.34556670000001 39.0005868, -77.3454053 39.0005053)"
1,9989,9990,0,2872.73,0000:00,5,0,0,"LINESTRING (-77.3454053 39.0005053, -77.3448448 39.0002189, -77.3446036 39.0000944, -77.3441863 38.9998791, -77.3439422 38.9997374, -77.34351839999999 38.9994705)"
1,9990,9987,0,2960.46,0000:00,5,0,0,"LINESTRING (-77.34351839999999 38.9994705, -77.34312009999999 38.9992016, -77.34289219999999 38.9990488, -77.3427521 38.998953)"
1,9987,9991,0,3583.85,0000:00,7,0,0,"LINESTRING (-77.3427521 38.998953, -77.3423288 38.9986555, -77.3414679 38.9980489, -77.34064979999999 38.9974799, -77.3398854 38.996942, -77.33887420000001 38.9962312, -77.3384772 38.9959519, -77.3373976 38.9951962)"
1,9991,14899,0,3693.91,0000:00,7,0,0,"LINESTRING (-77.3373976 38.9951962, -77.3367257 38.9947199, -77.3364558 38.99453)"
1,14899,10056,0,4518.78,0000:00,7,0,0,"LINESTRING (-77.33639030000001 38.9944877, -77.3358781 38.9941237, -77.3355402 38.9938902, -77.3344139 38.9931044, -77.3335886 38.992529, -77.3329069 38.9920436, -77.3325416 38.9917625, -77.332201 38.9914872, -77.33132639999999 38.9907757, -77.330838 38.9903757, -77.33066049999999 38.990234, -77.3301704 38.9898479, -77.3297493 38.989554, -77.3296122 38.9894615, -77.3294827 38.9893751)"
1,10056,10054,0,4828.71,0000:00,9,0,0,"LINESTRING (-77.3294827 38.9893751, -77.3293055 38.9892645, -77.32872740000001 38.9889265, -77.3271878 38.9880446, -77.32660490000001 38.9877124)"
1,10054,10053,0,5378.11,0000:00,9,0,0,"LINESTRING (-77.32660490000001 38.9877124, -77.3260612 38.9874025, -77.3252593 38.9869375, -77.3248462 38.9866644, -77.3243956 38.9863454, -77.32416430000001 38.9861672, -77.3239404 38.9859725, -77.3237202 38.9857713, -77.32351989999999 38.9855705, -77.32334 38.9853865, -77.3231414 38.9851698, -77.3229408 38.9849261, -77.3227926 38.9847215, -77.3223636 38.9841173)"
1,10053,9994,0,6223.61,0000:00,9,0,0,"LINESTRING (-77.3223636 38.9841173, -77.3222123 38.983904, -77.32179960000001 38.9833018, -77.3217799 38.9832733, -77.3210187 38.9821735, -77.32067809999999 38.9816939, -77.3203884 38.9813395, -77.3199163 38.9807932, -77.3194496 38.9803241, -77.3189507 38.9798862, -77.3187076 38.979686, -77.3184679 38.9794942, -77.3181663 38.9792674, -77.31792299999999 38.9790946, -77.31752109999999 38.9788291, -77.3170061 38.9785184, -77.3164254 38.9782025)"
1,9994,12305,0,6286.40,0000:00,9,0,0,"LINESTRING (-77.3164254 38.9782025, -77.31601329999999 38.9779989, -77.3158124 38.9778997)"
1,12305,14877,0,6338.98,0000:00,9,0,0,"LINESTRING (-77.3158124 38.9778997, -77.3156603 38.9778245, -77.3154114 38.9776953, -77.3153021 38.9776423)"
1,14877,13726,0,6656.63,0000:00,9,0,0,"LINESTRING (-77.3151986 38.9775855, -77.3146055 38.9773007, -77.31398590000001 38.9770401, -77.31348439999999 38.9768607, -77.3129694 38.9767002, -77.31230499999999 38.9765103, -77.3118752 38.9763867)"
1,13726,13727,0,6734.65,0000:00,10,0,0,"LINESTRING (-77.3118752 38.9763867, -77.3114884 38.9762755, -77.3110286 38.9761436)"
1,13727,9996,0,6933.45,0000:00,10,0,0,"LINESTRING (-77.3110286 38.9761436, -77.3106228 38.9760272, -77.310025 38.9758511, -77.3088723 38.9755219)"
1,9996,12412,0,7014.49,0000:00,11,0,0,"LINESTRING (-77.3088723 38.9755219, -77.3079924 38.9752704)"
1,12412,12410,0,7301.14,0000:00,11,0,0,"LINESTRING (-77.3079924 38.9752704, -77.3072926 38.9750703, -77.30635289999999 38.9748022, -77.30587629999999 38.9746602, -77.30544930000001 38.9745245, -77.3051581 38.9744225, -77.3049099 38.9743247)"
1,12410,9995,0,7404.51,0000:00,11,0,0,"LINESTRING (-77.3049099 38.9743247, -77.3047049 38.9742411, -77.3044787 38.9741389, -77.3041894 38.9739993, -77.3038871 38.9738444)"
1,9995,2464,0,7426.61,0000:00,11,0,0,"LINESTRING (-77.3038871 38.9738444, -77.3037442 38.9740092)"
1,2464,4764,0,7500.74,0000:00,11,0,0,"LINESTRING (-77.3037442 38.9740092, -77.3036567 38.9741053, -77.303584 38.974163, -77.3034859 38.9742151, -77.303363 38.9742552, -77.30319729999999 38.9742809, -77.3030181 38.974302)"
1,4764,8847,0,7589.49,0000:00,11,0,0,"LINESTRING (-77.3030181 38.974302, -77.3027933 38.9743149, -77.3019943 38.9743608)"
1,8847,3476,0,7721.70,0000:00,11,0,0,"LINESTRING (-77.3019943 38.9743608, -77.3017459 38.9743773, -77.30160619999999 38.9743866, -77.3012556 38.9744037, -77.30102770000001 38.9744148, -77.30047 38.974456)"
1,3476,7355,0,8085.84,0000:00,11,0,0,"LINESTRING (-77.30047 38.974456, -77.3002391 38.9744773, -77.29991990000001 38.9745002, -77.299198 38.97454, -77.2990506 38.9745404, -77.2989529 38.9745363, -77.298804 38.97453, -77.298591 38.974506, -77.29855259999999 38.9744991, -77.298378 38.974468, -77.2983076 38.9744483, -77.298181 38.974413, -77.2980347 38.9743587, -77.29766100000001 38.97422, -77.29724400000001 38.974046, -77.297144 38.973995, -77.297061 38.973947, -77.29693899999999 38.9738624, -77.296885 38.973825, -77.296724 38.973682, -77.29668940000001 38.9736466, -77.29663600000001 38.973592)"
1,7355,6503,0,8415.53,0000:00,11,0,0,"LINESTRING (-77.29663600000001 38.973592, -77.296511 38.973453, -77.2963689 38.9732591, -77.296312 38.9731761, -77.2962922 38.9731472, -77.296243 38.9730715, -77.29615699999999 38.972922, -77.296064 38.972762, -77.295974 38.972585, -77.295856 38.972333, -77.29558299999999 38.97172, -77.29549900000001 38.97155, -77.295404 38.971383, -77.295333 38.971284, -77.295222 38.971154, -77.295123 38.971061, -77.29497499999999 38.970951)"
1,6503,1288,0,8910.25,0000:00,11,0,0,"LINESTRING (-77.29497499999999 38.970951, -77.2948681 38.9708783, -77.294847 38.970864, -77.294611 38.970718, -77.294235 38.970514, -77.294062 38.970416, -77.29388899999999 38.970312, -77.293717 38.970183, -77.29357899999999 38.970054, -77.293401 38.969844, -77.29301700000001 38.969336, -77.29299779999999 38.9693143, -77.292878 38.969179, -77.29272400000001 38.968995, -77.292524 38.96878, -77.29247410000001 38.9687311, -77.292258 38.968519, -77.29186300000001 38.968155, -77.291479 38.967809, -77.291369 38.9677, -77.291332 38.967649, -77.29131599999999 38.967594)"
1,1288,14782,0,8937.60,0000:00,11,0,0,"LINESTRING (-77.29131599999999 38.967594, -77.291326 38.967511, -77.291369 38.967432, -77.29140390000001 38.9673601)"
1,14782,9999,0,9242.34,0000:00,13,0,0,"LINESTRING (-77.2914593 38.9672636, -77.2912381 38.9671855, -77.2909283 38.9670762, -77.2904544 38.9669013, -77.2897007 38.9666302, -77.28870879999999 38.9662797, -77.2882578 38.9661171)"
1,9999,10000,0,9301.89,0000:00,13,0,0,"LINESTRING (-77.2882578 38.9661171, -77.28763050000001 38.965896)"
1,10000,13718,0,9435.08,0000:00,13,0,0,"LINESTRING (-77.28763050000001 38.965896, -77.28623210000001 38.9653934)"
1,13718,10059,0,9523.06,0000:00,13,0,0,"LINESTRING (-77.28623210000001 38.9653934, -77.2853089 38.9650606)"
1,10059,10001,0,10036.59,0000:00,13,0,0,"LINESTRING (-77.2853089 38.9650606, -77.284654 38.9648303, -77.28462949999999 38.9648216, -77.2844446 38.964756, -77.2842512 38.9646771, -77.28405840000001 38.9645879, -77.2838903 38.9645053, -77.283655 38.9643758, -77.28343889999999 38.9642396, -77.2829706 38.9639099, -77.28221259999999 38.9633599, -77.2813168 38.962707, -77.2806724 38.962234)"
1,10001,10002,0,10109.35,0000:00,13,0,0,"LINESTRING (-77.2806724 38.962234, -77.2800582 38.9617866)"
1,10002,10003,0,10169.17,0000:00,13,0,0,"LINESTRING (-77.2800582 38.9617866, -77.27954889999999 38.9614225)"
1,10003,13717,0,10232.10,0000:00,13,0,0,"LINESTRING (-77.27954889999999 38.9614225, -77.2794225 38.9613309, -77.27901610000001 38.9610369)"
1,13717,12417,0,10319.42,0000:00,13,0,0,"LINESTRING (-77.27901610000001 38.9610369, -77.2785373 38.9606906, -77.27827670000001 38.960502)"
1,12417,13716,0,10415.00,0000:00,13,0,0,"LINESTRING (-77.27827670000001 38.960502, -77.2777246 38.9601024, -77.2774687 38.9599155)"
1,13716,10029,0,10474.02,0000:00,13,0,0,"LINESTRING (-77.2774687 38.9599155, -77.27706209999999 38.9596186, -77.2769713 38.9595519)"
1,10029,10004,0,10541.31,0000:00,13,0,0,"LINESTRING (-77.2769713 38.9595519, -77.276405 38.9591368)"
1,10004,13715,0,10584.96,0000:00,13,0,0,"LINESTRING (-77.276405 38.9591368, -77.276037 38.9588681)"
1,13715,10005,0,10624.67,0000:00,13,0,0,"LINESTRING (-77.276037 38.9588681, -77.2757022 38.9586237)"
1,10005,10006,0,10662.29,0000:00,14,0,0,"LINESTRING (-77.2757022 38.9586237, -77.27538389999999 38.958393)"
1,10006,14781,0,10731.45,0000:00,14,0,0,"LINESTRING (-77.27538389999999 38.958393, -77.2749323 38.9580687, -77.2747988 38.9579689)"
1,14781,13736,0,10978.36,0000:00,14,0,0,"LINESTRING (-77.2747988 38.9579689, -77.27442550000001 38.9576997, -77.27399320000001 38.9573901, -77.273554 38.957089, -77.27337470000001 38.9569759, -77.2731036 38.9567983, -77.2726493 38.9565082)"
1,13736,10008,0,11042.32,0000:00,14,0,0,"LINESTRING (-77.2726493 38.9565082, -77.2720776 38.9561432)"
1,10008,10009,0,11266.66,0000:00,14,0,0,"LINESTRING (-77.2720776 38.9561432, -77.271435 38.9557281, -77.2706999 38.9552511, -77.2700857 38.9548506)"
1,10009,10010,0,11339.60,0000:00,14,0,0,"LINESTRING (-77.2700857 38.9548506, -77.2694295 38.9544384)"
1,10010,13735,0,11377.97,0000:00,14,0,0,"LINESTRING (-77.2694295 38.9544384, -77.269087 38.9542189)"
1,13735,10030,0,11414.20,0000:00,14,0,0,"LINESTRING (-77.269087 38.9542189, -77.26882089999999 38.9540483, -77.26876369999999 38.9540117)"
1,10030,10011,0,11502.19,0000:00,14,0,0,"LINESTRING (-77.26876369999999 38.9540117, -77.2679761 38.9535106)"
1,10011,10012,0,11560.75,0000:00,14,0,0,"LINESTRING (-77.2679761 38.9535106, -77.2674548 38.9531745)"
1,10012,10013,0,11617.90,0000:00,14,0,0,"LINESTRING (-77.2674548 38.9531745, -77.2669444 38.952848)"
1,10013,10014,0,11713.86,0000:00,14,0,0,"LINESTRING (-77.2669444 38.952848, -77.26655340000001 38.9525938, -77.2660893 38.952298)"
1,10014,10015,0,11809.55,0000:00,14,0,0,"LINESTRING (-77.2660893 38.952298, -77.2652343 38.9517516)"
1,10015,14780,0,11897.48,0000:00,14,0,0,"LINESTRING (-77.2652343 38.9517516, -77.2647353 38.9514378, -77.2644459 38.9512522)"
1,14780,10017,0,12064.83,0000:00,14,0,0,"LINESTRING (-77.2644459 38.9512522, -77.2641266 38.9510507, -77.26339729999999 38.9505906, -77.2629421 38.9503049)"
1,10017,12431,0,12095.88,0000:00,14,0,0,"LINESTRING (-77.2629421 38.9503049, -77.26267350000001 38.9501197)"
1,12431,10018,0,12141.37,0000:00,14,0,0,"LINESTRING (-77.26267350000001 38.9501197, -77.26248030000001 38.9499667, -77.26230390000001 38.9498285)"
1,10018,13732,0,12459.81,0000:00,16,0,0,"LINESTRING (-77.26230390000001 38.9498285, -77.2621575 38.9497129, -77.2619128 38.9495079, -77.2615239 38.949149, -77.26111330000001 38.948729, -77.2609179 38.9485408, -77.26067500000001 38.9482869, -77.25999299999999 38.9476017)"
1,13732,12483,0,12530.54,0000:00,16,0,0,"LINESTRING (-77.25999299999999 38.9476017, -77.2594924 38.9470987)"
1,12483,10019,0,12683.94,0000:00,16,0,0,"LINESTRING (-77.2594924 38.9470987, -77.25913420000001 38.9467364, -77.2584073 38.9460074)"
1,10019,10020,0,12761.81,0000:00,16,0,0,"LINESTRING (-77.2584073 38.9460074, -77.2578595 38.9454516)"
1,10020,10021,0,12822.41,0000:00,16,0,0,"LINESTRING (-77.2578595 38.9454516, -77.2574438 38.9450128)"
1,10021,10022,0,12951.09,0000:00,16,0,0,"LINESTRING (-77.2574438 38.9450128, -77.25653370000001 38.9440973)"
1,10022,14876,0,13125.62,0000:00,16,0,0,"LINESTRING (-77.25653370000001 38.9440973, -77.2553937 38.9429464, -77.25530209999999 38.9428539)"
1,14876,1437,0,13141.36,0000:00,16,0,0,"LINESTRING (-77.25530209999999 38.9428539, -77.25544979999999 38.9427712)"
1,1437,12490,0,13153.99,0000:00,16,0,0,"LINESTRING (-77.25544979999999 38.9427712, -77.25536200000001 38.9426805)"
1,12490,12494,0,13337.26,0000:00,16,0,0,"LINESTRING (-77.25536200000001 38.9426805, -77.2540676 38.9413755)"
1,12494,1438,0,13403.89,0000:00,16,0,0,"LINESTRING (-77.2540676 38.9413755, -77.253597 38.940901)"
1,1438,1434,0,13665.12,0000:00,16,0,0,"LINESTRING (-77.253597 38.940901, -77.2534823 38.9408031, -77.25333019999999 38.9406499, -77.25328279999999 38.9405799, -77.2532068 38.9404914, -77.252065 38.9393018, -77.251783 38.939025)"
1,1434,9818,0,13681.87,0000:00,16,0,0,"LINESTRING (-77.251783 38.939025, -77.2516169 38.9391025)"
1,9818,13378,0,13862.41,0000:00,16,0,0,"LINESTRING (-77.2516169 38.9391025, -77.2514888 38.93897, -77.2512723 38.93875, -77.25062 38.938088, -77.2504698 38.9379328, -77.2503521 38.9378109)"
1,13378,2495,0,13905.42,0000:00,17,0,0,"LINESTRING (-77.2503521 38.9378109, -77.2500512 38.937503)"
1,2495,9817,0,13965.20,0000:00,17,0,0,"LINESTRING (-77.2500512 38.937503, -77.24981080000001 38.9372555, -77.2496422 38.9370697)"
1,9817,13379,0,14121.47,0000:00,17,0,0,"LINESTRING (-77.2496422 38.9370697, -77.2494689 38.9368825, -77.2493767 38.9367834, -77.24872329999999 38.9361105, -77.2485611 38.9359437)"
1,13379,14753,0,14178.30,0000:00,17,0,0,"LINESTRING (-77.2485611 38.9359437, -77.2483134 38.9356903, -77.2481587 38.9355398)"
1,14753,1299,0,14244.85,0000:00,17,0,0,"LINESTRING (-77.2481587 38.9355398, -77.24767249999999 38.9350759)"
1,1299,1894,0,14303.42,0000:00,17,0,0,"LINESTRING (-77.24767249999999 38.9350759, -77.2472387 38.9346714)"
1,1894,2494,0,14434.73,0000:00,17,0,0,"LINESTRING (-77.2472387 38.9346714, -77.24631549999999 38.933734)"
1,2494,849,0,14457.06,0000:00,17,0,0,"LINESTRING (-77.24631549999999 38.933734, -77.24616760000001 38.9335694)"
1,849,9833,0,14576.46,0000:00,17,0,0,"LINESTRING (-77.24616760000001 38.9335694, -77.24597009999999 38.9333624, -77.2457658 38.9331099, -77.2454183 38.9326684)"
1,9833,2493,0,14659.57,0000:00,18,0,0,"LINESTRING (-77.2454183 38.9326684, -77.2453352 38.9325696, -77.2452849 38.9325084, -77.24521129999999 38.9324189, -77.2450649 38.9322433, -77.2449905 38.9321553, -77.24488909999999 38.9320447)"
1,2493,784,0,14749.09,0000:00,18,0,0,"LINESTRING (-77.24488909999999 38.9320447, -77.244682 38.9318269, -77.2445924 38.9317307, -77.2444761 38.9316025, -77.2442832 38.931392)"
1,784,9831,0,14951.86,0000:00,18,0,0,"LINESTRING (-77.2442832 38.931392, -77.2438873 38.930989, -77.243785 38.9308816, -77.24354150000001 38.9306378, -77.24337970000001 38.9304678, -77.24303209999999 38.9300977, -77.24300270000001 38.9300665, -77.2428767 38.9299334)"
1,9831,14128,0,15127.55,0000:00,18,0,0,"LINESTRING (-77.2428767 38.9299334, -77.24275299999999 38.9298066, -77.2426091 38.9296557, -77.2423074 38.9293548, -77.2421483 38.9291886, -77.24182999999999 38.9288673, -77.2416389 38.9286808)"
1,14128,14129,0,15135.14,0000:00,18,0,0,"LINESTRING (-77.2416389 38.9286808, -77.2415843 38.9286274)"
1,14129,2492,0,15177.42,0000:00,18,0,0,"LINESTRING (-77.2415843 38.9286274, -77.2414299 38.9284768, -77.2412824 38.9283283)"
1,2492,13390,0,15602.88,0000:00,18,0,0,"LINESTRING (-77.2412824 38.9283283, -77.2411713 38.9282166, -77.24073919999999 38.9278077, -77.24058460000001 38.9276557, -77.24008430000001 38.9271494, -77.2398919 38.926952, -77.239631 38.9266885, -77.2395343 38.9265855, -77.23935899999999 38.9264047, -77.23895210000001 38.9259931, -77.2387825 38.9258215, -77.2386782 38.9257143, -77.23828930000001 38.9252929)"
1,13390,13737,0,15725.57,0000:00,19,0,0,"LINESTRING (-77.23828930000001 38.9252929, -77.2381156 38.9250934, -77.2379715 38.9249334, -77.23777029999999 38.9247232, -77.2374547 38.9244012)"
1,13737,11140,0,15805.71,0000:00,19,0,0,"LINESTRING (-77.2374547 38.9244012, -77.23727220000001 38.9242125, -77.2372029 38.9241408, -77.23701 38.9239437, -77.23697060000001 38.9239034, -77.23689419999999 38.9238274)"
1,11140,2491,0,15819.50,0000:00,19,0,0,"LINESTRING (-77.23689419999999 38.9238274, -77.2367996 38.9237276)"
1,2491,813,0,16397.72,0000:00,21,0,0,"LINESTRING (-77.2367996 38.9237276, -77.2366473 38.9235684, -77.23572420000001 38.9226184, -77.23507840000001 38.9219527, -77.2345174 38.9213789, -77.2343576 38.9212149, -77.2340511 38.9208939, -77.2333687 38.9201978, -77.23331229999999 38.9201483, -77.2330434 38.919912, -77.23266289999999 38.9196537)"
1,813,12639,0,16443.19,0000:00,21,0,0,"LINESTRING (-77.23266289999999 38.9196537, -77.2322271 38.9194251)"
1,12639,11108,0,16545.40,0000:00,21,0,0,"LINESTRING (-77.2322271 38.9194251, -77.23192179999999 38.9192399, -77.23158669999999 38.9189753, -77.2313561 38.9188062)"
1,11108,502,0,16631.55,0000:00,21,0,0,"LINESTRING (-77.2313561 38.9188062, -77.2311704 38.9186578, -77.230678 38.918239)"
1,502,2490,0,16704.12,0000:00,22,0,0,"LINESTRING (-77.230678 38.918239, -77.2303354 38.9179589, -77.23010410000001 38.917763)"
1,2490,2489,0,16732.24,0000:00,22,0,0,"LINESTRING (-77.23010410000001 38.917763, -77.229878 38.9175813)"
1,2489,11149,0,16834.69,0000:00,22,0,0,"LINESTRING (-77.229878 38.9175813, -77.22964469999999 38.917408, -77.2294273 38.917255, -77.229157 38.9170786, -77.229118 38.9170545, -77.228988 38.9169744)"
1,11149,2488,0,16850.66,0000:00,22,0,0,"LINESTRING (-77.228988 38.9169744, -77.22884070000001 38.9168878)"
1,2488,2487,0,16958.43,0000:00,22,0,0,"LINESTRING (-77.22884070000001 38.9168878, -77.2278646 38.9162857)"
1,2487,11148,0,16995.42,0000:00,23,0,0,"LINESTRING (-77.2278646 38.9162857, -77.22753179999999 38.9160768)"
1,11148,11107,0,17044.42,0000:00,23,0,0,"LINESTRING (-77.22753179999999 38.9160768, -77.2270954 38.915796)"
1,11107,14779,0,17097.66,0000:00,23,0,0,"LINESTRING (-77.2270954 38.915796, -77.2267063 38.9155464, -77.2266211 38.9154909)"
1,14779,11106,0,17152.85,0000:00,24,0,0,"LINESTRING (-77.226495 38.9154095, -77.22643619999999 38.9153708, -77.2259991 38.9150973)"
1,11106,13742,0,17257.99,0000:00,24,0,0,"LINESTRING (-77.2259991 38.9150973, -77.22585050000001 38.9150041, -77.2254059 38.9147172, -77.22519440000001 38.9145771, -77.2250612 38.9144962)"
1,13742,2485,0,17304.56,0000:00,24,0,0,"LINESTRING (-77.2250612 38.9144962, -77.2248582 38.9143729, -77.2246377 38.9142377)"
1,2485,13312,0,17327.39,0000:00,24,0,0,"LINESTRING (-77.2246377 38.9142377, -77.2244335 38.9141077)"
1,13312,14763,0,17387.77,0000:00,24,0,0,"LINESTRING (-77.2244335 38.9141077, -77.2239775 38.9138311, -77.22388309999999 38.9137738)"
1,14763,11145,0,17562.59,0000:00,24,0,0,"LINESTRING (-77.22388309999999 38.9137738, -77.2231986 38.9133712, -77.2229373 38.9132251, -77.22224900000001 38.9128495)"
1,11145,11131,0,17586.10,0000:00,24,0,0,"LINESTRING (-77.22224900000001 38.9128495, -77.22202710000001 38.9127275)"
1,11131,2484,0,17614.15,0000:00,24,0,0,"LINESTRING (-77.22202710000001 38.9127275, -77.2217612 38.9125832)"
1,2484,2483,0,17652.69,0000:00,24,0,0,"LINESTRING (-77.2217612 38.9125832, -77.2214031 38.912377)"
1,2483,1772,0,17731.02,0000:00,24,0,0,"LINESTRING (-77.2214031 38.912377, -77.2206675 38.9119664)"
1,1772,13741,0,17911.98,0000:00,26,0,0,"LINESTRING (-77.2206675 38.9119664, -77.2189573 38.9110296)"
1,13741,2481,0,17954.29,0000:00,26,0,0,"LINESTRING (-77.2189573 38.9110296, -77.21855739999999 38.9108106)"
1,2481,9736,0,18108.99,0000:00,26,0,0,"LINESTRING (-77.21855739999999 38.9108106, -77.2177296 38.9103636, -77.21708959999999 38.9100161)"
1,9736,13902,0,18167.59,0000:00,26,0,0,"LINESTRING (-77.21708959999999 38.9100161, -77.21674729999999 38.9098283, -77.2165361 38.9097124)"
1,13902,13903,0,18175.82,0000:00,26,0,0,"LINESTRING (-77.2165361 38.9097124, -77.2164588 38.9096694)"
1,13903,11028,0,18246.03,0000:00,26,0,0,"LINESTRING (-77.2164588 38.9096694, -77.2158058 38.9092945)"
1,11028,14355,0,18285.63,0000:00,26,0,0,"LINESTRING (-77.2158058 38.9092945, -77.2154348 38.9090859)"
1,14355,1085,0,18308.16,0000:00,26,0,0,"LINESTRING (-77.2154348 38.9090859, -77.2152238 38.9089672)"
1,1085,11025,0,18325.43,0000:00,26,0,0,"LINESTRING (-77.2152238 38.9089672, -77.21506340000001 38.9088748)"
1,11025,14778,0,18367.79,0000:00,26,0,0,"LINESTRING (-77.21506340000001 38.9088748, -77.2146529 38.9086673)"
1,14778,13740,0,18485.82,0000:00,28,0,0,"LINESTRING (-77.2145435 38.9086089, -77.21445989999999 38.9085652, -77.21371670000001 38.9081773, -77.2133913 38.9080427)"
1,13740,12785,0,18542.09,0000:00,28,0,0,"LINESTRING (-77.2133913 38.9080427, -77.2130547 38.9079298, -77.2127892 38.9078517)"
1,12785,13338,0,18569.16,0000:00,28,0,0,"LINESTRING (-77.2127892 38.9078517, -77.2124906 38.9077791)"
1,13338,11018,0,18636.49,0000:00,28,0,0,"LINESTRING (-77.2124906 38.9077791, -77.2117417 38.9076149)"
1,11018,13220,0,18702.98,0000:00,28,0,0,"LINESTRING (-77.2117417 38.9076149, -77.2110048 38.9074454)"
1,13220,11016,0,18787.45,0000:00,28,0,0,"LINESTRING (-77.2110048 38.9074454, -77.2100745 38.907215)"
1,11016,11015,0,19018.28,0000:00,28,0,0,"LINESTRING (-77.2100745 38.907215, -77.20899060000001 38.9069611, -77.2082647 38.9067911, -77.2078224 38.9066574, -77.2076473 38.9065843, -77.2075557 38.9065452)"
1,11015,11014,0,19113.29,0000:00,28,0,0,"LINESTRING (-77.2075557 38.9065452, -77.207157 38.906353, -77.20680950000001 38.9061383, -77.2066784 38.9060364)"
1,11014,13663,0,19302.40,0000:00,28,0,0,"LINESTRING (-77.2066784 38.9060364, -77.2064288 38.9058203, -77.205431 38.9048236, -77.2053152 38.9047079)"
1,13663,11010,0,19382.73,0000:00,29,0,0,"LINESTRING (-77.2053152 38.9047079, -77.20474230000001 38.9041394)"
1,11010,13217,0,19555.73,0000:00,29,0,0,"LINESTRING (-77.20474230000001 38.9041394, -77.20441049999999 38.903791, -77.20404310000001 38.9034051, -77.2037407 38.9031541, -77.2034623 38.9029497)"
1,13217,14923,0,19623.55,0000:00,29,0,0,"LINESTRING (-77.2034623 38.9029497, -77.2029517 38.9026261, -77.20285509999999 38.9025641)"
1,14923,11007,0,19687.21,0000:00,29,0,0,"LINESTRING (-77.20285509999999 38.9025641, -77.20229399999999 38.9021939)"
1,11007,13218,0,19853.50,0000:00,29,0,0,"LINESTRING (-77.20229399999999 38.9021939, -77.2017122 38.9018398, -77.20079 38.901263)"
1,13218,14922,0,19968.81,0000:00,29,0,0,"LINESTRING (-77.20079 38.901263, -77.1997384 38.9006261)"
1,14922,11004,0,20003.17,0000:00,29,0,0,"LINESTRING (-77.1997384 38.9006261, -77.1994352 38.9004266)"
1,11004,10208,0,20184.49,0000:00,30,0,0,"LINESTRING (-77.1994352 38.9004266, -77.1978237 38.8993844)"
1,10208,11001,0,20435.35,0000:00,30,0,0,"LINESTRING (-77.1978237 38.8993844, -77.1957197 38.8980333, -77.1955878 38.8979485)"
1,11001,10999,0,20580.35,0000:00,30,0,0,"LINESTRING (-77.1955878 38.8979485, -77.1943041 38.8971105)"
2,11002,10209,0,211.87,0000:00,0,0,0,"LINESTRING (-77.1955933 38.8980965, -77.1974838 38.8993072)"
2,10209,13922,0,311.41,0000:00,1,0,0,"LINESTRING (-77.1974838 38.8993072, -77.1983682 38.8998796)"
2,13922,11003,0,369.04,0000:00,1,0,0,"LINESTRING (-77.1983682 38.8998796, -77.1988802 38.900211)"
2,11003,14922,0,456.47,0000:00,1,0,0,"LINESTRING (-77.1988802 38.900211, -77.1996571 38.9007137)"
2,14922,13494,0,748.00,0000:00,2,0,0,"LINESTRING (-77.1996571 38.9007137, -77.20227970000001 38.9023593)"
2,13494,14923,0,800.86,0000:00,2,0,0,"LINESTRING (-77.20227970000001 38.9023593, -77.2027532 38.9026597)"
2,14923,13223,0,999.06,0000:00,2,0,0,"LINESTRING (-77.2027532 38.9026597, -77.20285869999999 38.9027268, -77.20333720000001 38.903031, -77.2036167 38.9032382, -77.2039075 38.9034915, -77.20435000000001 38.9039274)"
2,13223,11011,0,1039.02,0000:00,2,0,0,"LINESTRING (-77.20435000000001 38.9039274, -77.2046363 38.9042094)"
2,11011,11012,0,1141.86,0000:00,2,0,0,"LINESTRING (-77.2046363 38.9042094, -77.20535649999999 38.9049451)"
2,11012,13222,0,1240.54,0000:00,2,0,0,"LINESTRING (-77.20535649999999 38.9049451, -77.2060637 38.9056413)"
2,13222,9773,0,1313.46,0000:00,2,0,0,"LINESTRING (-77.2060637 38.9056413, -77.2063335 38.9059069, -77.206604 38.9061442)"
2,9773,13221,0,1587.59,0000:00,3,0,0,"LINESTRING (-77.206604 38.9061442, -77.2067483 38.9062466, -77.20706920000001 38.9064454, -77.2074075 38.9066153, -77.2076596 38.9067333, -77.2079377 38.9068348, -77.20822510000001 38.9069138, -77.20942580000001 38.9071947)"
2,13221,11017,0,1642.02,0000:00,3,0,0,"LINESTRING (-77.20942580000001 38.9071947, -77.21003 38.9073312)"
2,11017,13219,0,1728.21,0000:00,3,0,0,"LINESTRING (-77.21003 38.9073312, -77.210981 38.9075618)"
2,13219,11019,0,1792.92,0000:00,3,0,0,"LINESTRING (-77.210981 38.9075618, -77.211696 38.9077321)"
2,11019,13314,0,1961.52,0000:00,3,0,0,"LINESTRING (-77.211696 38.9077321, -77.2124974 38.9079201, -77.2127497 38.90799, -77.2131814 38.9081257, -77.2135236 38.908251)"
2,13314,13313,0,2008.41,0000:00,3,0,0,"LINESTRING (-77.2135236 38.908251, -77.2139912 38.908464)"
2,13313,14778,0,2061.17,0000:00,3,0,0,"LINESTRING (-77.2139912 38.908464, -77.21418199999999 38.908565, -77.2143944 38.9086891, -77.2144851 38.9087421)"
2,14778,1773,0,2161.67,0000:00,3,0,0,"LINESTRING (-77.2145864 38.9088037, -77.2155229 38.9093383)"
2,1773,11153,0,2248.62,0000:00,4,0,0,"LINESTRING (-77.2155229 38.9093383, -77.2162524 38.9097373, -77.216345 38.909788)"
2,11153,604,0,2339.00,0000:00,4,0,0,"LINESTRING (-77.216345 38.909788, -77.2171743 38.9102822)"
2,604,9737,0,2486.98,0000:00,4,0,0,"LINESTRING (-77.2171743 38.9102822, -77.2185758 38.911045)"
2,9737,11566,0,2560.46,0000:00,6,0,0,"LINESTRING (-77.2185758 38.911045, -77.2192788 38.9114157)"
2,11566,11553,0,2738.58,0000:00,6,0,0,"LINESTRING (-77.2192788 38.9114157, -77.2205721 38.9121133, -77.22096670000001 38.9123328)"
2,11553,2433,0,2832.89,0000:00,6,0,0,"LINESTRING (-77.22096670000001 38.9123328, -77.2214125 38.9125743, -77.2218574 38.9128217)"
2,2433,2434,0,2936.41,0000:00,6,0,0,"LINESTRING (-77.2218574 38.9128217, -77.22222429999999 38.9130134, -77.2228317 38.9133617)"
2,2434,11555,0,2979.06,0000:00,6,0,0,"LINESTRING (-77.2228317 38.9133617, -77.2232279 38.9135899)"
2,11555,14763,0,3031.12,0000:00,6,0,0,"LINESTRING (-77.2232279 38.9135899, -77.22340699999999 38.913693, -77.22370890000001 38.9138711)"
2,14763,13311,0,3160.84,0000:00,7,0,0,"LINESTRING (-77.22378879999999 38.9139235, -77.2238631 38.9139713, -77.2242255 38.9142045, -77.22471299999999 38.91452, -77.2249484 38.914663)"
2,13311,11102,0,3238.00,0000:00,7,0,0,"LINESTRING (-77.2249484 38.914663, -77.22564029999999 38.9151008)"
2,11102,14779,0,3317.55,0000:00,7,0,0,"LINESTRING (-77.22564029999999 38.9151008, -77.22630789999999 38.9155121, -77.2263609 38.9155451)"
2,14779,11104,0,3370.43,0000:00,8,0,0,"LINESTRING (-77.22648479999999 38.9156308, -77.2265773 38.9156903, -77.2269548 38.9159348)"
2,11104,2436,0,3454.88,0000:00,8,0,0,"LINESTRING (-77.2269548 38.9159348, -77.227709 38.916417)"
2,2436,11136,0,3503.85,0000:00,8,0,0,"LINESTRING (-77.227709 38.916417, -77.2281461 38.9166967)"
2,11136,12638,0,3570.66,0000:00,8,0,0,"LINESTRING (-77.2281461 38.9166967, -77.22874590000001 38.9170752)"
2,12638,11150,0,3596.16,0000:00,9,0,0,"LINESTRING (-77.22874590000001 38.9170752, -77.2289765 38.9172181)"
2,11150,11132,0,3687.28,0000:00,9,0,0,"LINESTRING (-77.2289765 38.9172181, -77.22902999999999 38.917254, -77.229297 38.917436, -77.229541 38.91761, -77.229752 38.9177722)"
2,11132,2437,0,3743.16,0000:00,9,0,0,"LINESTRING (-77.229752 38.9177722, -77.22989819999999 38.9178783, -77.2302195 38.9181189)"
2,2437,11147,0,3776.17,0000:00,9,0,0,"LINESTRING (-77.2302195 38.9181189, -77.230452 38.9182959, -77.23049229999999 38.9183265)"
2,11147,11129,0,3813.32,0000:00,9,0,0,"LINESTRING (-77.23049229999999 38.9183265, -77.2305992 38.9184057, -77.2307998 38.9185596)"
2,11129,11113,0,3895.53,0000:00,9,0,0,"LINESTRING (-77.2307998 38.9185596, -77.2314561 38.9190943)"
2,11113,499,0,3973.61,0000:00,9,0,0,"LINESTRING (-77.2314561 38.9190943, -77.2320904 38.9195938)"
2,499,7531,0,4044.82,0000:00,9,0,0,"LINESTRING (-77.2320904 38.9195938, -77.2321736 38.9196738, -77.2326135 38.9200019, -77.23267060000001 38.9200471)"
2,7531,2438,0,4163.57,0000:00,9,0,0,"LINESTRING (-77.23267060000001 38.9200471, -77.23273260000001 38.9200962, -77.232872 38.9202102, -77.23307459999999 38.9203905, -77.2331461 38.9204579, -77.23330660000001 38.9206174, -77.233548 38.920867)"
2,2438,13545,0,4211.33,0000:00,9,0,0,"LINESTRING (-77.233548 38.920867, -77.2338709 38.9212153)"
2,13545,2439,0,4412.11,0000:00,11,0,0,"LINESTRING (-77.2338709 38.9212153, -77.2342979 38.9216736, -77.23455989999999 38.9219478, -77.23472049999999 38.922124, -77.23522199999999 38.9226833)"
2,2439,11110,0,4584.10,0000:00,11,0,0,"LINESTRING (-77.23522199999999 38.9226833, -77.2353923 38.9228798, -77.2354941 38.9229931, -77.2355397 38.9230417, -77.2358155 38.9233229, -77.2362105 38.9237228, -77.23624719999999 38.92376, -77.2364084 38.923924)"
2,11110,2440,0,4598.32,0000:00,11,0,0,"LINESTRING (-77.2364084 38.923924, -77.2365085 38.9240254)"
2,2440,2441,0,5067.77,0000:00,12,0,0,"LINESTRING (-77.2365085 38.9240254, -77.2366073 38.924126, -77.2367414 38.9242618, -77.23722770000001 38.9247421, -77.2374571 38.9249544, -77.23759509999999 38.9250854, -77.23778040000001 38.9252781, -77.23824430000001 38.9257441, -77.2386782 38.9261909, -77.2390599 38.9265826, -77.239271 38.9267962, -77.2395946 38.9271295, -77.2398292 38.9273641)"
2,2441,13104,0,5227.56,0000:00,12,0,0,"LINESTRING (-77.2398292 38.9273641, -77.2399958 38.927537, -77.2403322 38.9278958, -77.2407762 38.9283798, -77.2409021 38.9285334)"
2,13104,14130,0,5271.39,0000:00,13,0,0,"LINESTRING (-77.2409021 38.9285334, -77.2410641 38.928705, -77.2412064 38.9288486)"
2,14130,14131,0,5277.68,0000:00,13,0,0,"LINESTRING (-77.2412064 38.9288486, -77.2412508 38.9288934)"
2,14131,13382,0,5304.85,0000:00,13,0,0,"LINESTRING (-77.2412508 38.9288934, -77.2414426 38.9290869)"
2,13382,13381,0,5374.18,0000:00,13,0,0,"LINESTRING (-77.2414426 38.9290869, -77.2418617 38.9295281, -77.24191879999999 38.9295884)"
2,13381,2442,0,5454.23,0000:00,13,0,0,"LINESTRING (-77.24191879999999 38.9295884, -77.24209860000001 38.9297783, -77.2423514 38.9300245, -77.2424735 38.9301642)"
2,2442,13403,0,5677.75,0000:00,13,0,0,"LINESTRING (-77.2424735 38.9301642, -77.2426043 38.9302943, -77.2429746 38.9306432, -77.24344600000001 38.9310788, -77.2436773 38.9312982, -77.2438685 38.931487, -77.2441003 38.9317256)"
2,13403,1622,0,5746.06,0000:00,13,0,0,"LINESTRING (-77.2441003 38.9317256, -77.2442851 38.9319121, -77.2445823 38.9322122)"
2,1622,1589,0,5841.09,0000:00,13,0,0,"LINESTRING (-77.2445823 38.9322122, -77.24483499999999 38.932466, -77.24512 38.9327606, -77.2452475 38.9328924)"
2,1589,12667,0,5911.44,0000:00,13,0,0,"LINESTRING (-77.2452475 38.9328924, -77.2457333 38.9333998)"
2,12667,9738,0,5965.03,0000:00,13,0,0,"LINESTRING (-77.2457333 38.9333998, -77.24583029999999 38.9334967, -77.2461172 38.9337781)"
2,9738,1893,0,6095.72,0000:00,13,0,0,"LINESTRING (-77.2461172 38.9337781, -77.2470368 38.9347106)"
2,1893,1892,0,6101.19,0000:00,14,0,0,"LINESTRING (-77.2470368 38.9347106, -77.247073 38.934751)"
2,1892,14753,0,6227.74,0000:00,14,0,0,"LINESTRING (-77.247073 38.934751, -77.247208 38.934869, -77.247619 38.935289, -77.247694 38.93536, -77.2479759 38.935646)"
2,14753,10028,0,6374.30,0000:00,14,0,0,"LINESTRING (-77.2479759 38.935646, -77.24864100000001 38.936337, -77.24899139999999 38.9367011)"
2,10028,2443,0,6853.06,0000:00,14,0,0,"LINESTRING (-77.24899139999999 38.9367011, -77.2493674 38.9370862, -77.249701 38.937428, -77.250832 38.938593, -77.251914 38.939699, -77.2523375 38.940131)"
2,2443,1439,0,6988.04,0000:00,14,0,0,"LINESTRING (-77.2523375 38.940131, -77.25319330000001 38.9410071, -77.2532817 38.9410976)"
2,1439,12503,0,7066.83,0000:00,14,0,0,"LINESTRING (-77.2532817 38.9410976, -77.253828 38.9416646)"
2,12503,13729,0,7160.70,0000:00,14,0,0,"LINESTRING (-77.253828 38.9416646, -77.2544903 38.9423334)"
2,13729,14767,0,7236.90,0000:00,14,0,0,"LINESTRING (-77.2544903 38.9423334, -77.2547454 38.942591, -77.255028 38.9428763)"
2,14767,13730,0,7508.94,0000:00,14,0,0,"LINESTRING (-77.25511849999999 38.9429677, -77.25520880000001 38.9430589, -77.25597689999999 38.943834, -77.25674170000001 38.9445982, -77.2570436 38.9449026)"
2,13730,2444,0,7600.19,0000:00,14,0,0,"LINESTRING (-77.2570436 38.9449026, -77.2573479 38.9452094, -77.25768960000001 38.9455514)"
2,2444,13731,0,7783.46,0000:00,14,0,0,"LINESTRING (-77.25768960000001 38.9455514, -77.2582974 38.9461585, -77.25876890000001 38.9466254, -77.2589953 38.9468496)"
2,13731,9876,0,7798.42,0000:00,14,0,0,"LINESTRING (-77.2589953 38.9468496, -77.25910210000001 38.9469554)"
2,9876,12477,0,7830.60,0000:00,14,0,0,"LINESTRING (-77.25910210000001 38.9469554, -77.2593297 38.9471844)"
2,12477,9878,0,7906.95,0000:00,14,0,0,"LINESTRING (-77.2593297 38.9471844, -77.2598643 38.9477308)"
2,9878,2445,0,8158.64,0000:00,16,0,0,"LINESTRING (-77.2598643 38.9477308, -77.2600487 38.9479147, -77.2611983 38.9490611, -77.26135170000001 38.949214, -77.26167270000001 38.9495039)"
2,2445,1514,0,8223.97,0000:00,16,0,0,"LINESTRING (-77.26167270000001 38.9495039, -77.262197 38.9499269)"
2,1514,14283,0,8226.61,0000:00,16,0,0,"LINESTRING (-77.262197 38.9499269, -77.2622185 38.9499437)"
2,14283,13733,0,8378.10,0000:00,16,0,0,"LINESTRING (-77.2622185 38.9499437, -77.262336 38.9500359, -77.2628016 38.9503596, -77.26321059999999 38.9506176, -77.26354739999999 38.9508302)"
2,13733,14780,0,8469.51,0000:00,16,0,0,"LINESTRING (-77.26354739999999 38.9508302, -77.264368 38.9513484)"
2,14780,13734,0,8642.90,0000:00,16,0,0,"LINESTRING (-77.264368 38.9513484, -77.2659187 38.9523369)"
2,13734,2447,0,8746.94,0000:00,16,0,0,"LINESTRING (-77.2659187 38.9523369, -77.2668513 38.9529281)"
2,2447,2448,0,8888.26,0000:00,16,0,0,"LINESTRING (-77.2668513 38.9529281, -77.2670471 38.9530475, -77.2674947 38.953341, -77.2681109 38.9537378)"
2,2448,2449,0,8951.88,0000:00,16,0,0,"LINESTRING (-77.2681109 38.9537378, -77.2686829 38.9540976)"
2,2449,2450,0,8985.72,0000:00,16,0,0,"LINESTRING (-77.2686829 38.9540976, -77.2689833 38.9542927)"
2,2450,2451,0,9026.36,0000:00,16,0,0,"LINESTRING (-77.2689833 38.9542927, -77.269345 38.954526)"
2,2451,2452,0,9255.48,0000:00,16,0,0,"LINESTRING (-77.269345 38.954526, -77.2697558 38.9547838, -77.2704505 38.9552344, -77.2709038 38.9555243, -77.2713871 38.955839)"
2,2452,12422,0,9322.58,0000:00,17,0,0,"LINESTRING (-77.2713871 38.955839, -77.27198509999999 38.9562235)"
2,12422,2453,0,9505.31,0000:00,17,0,0,"LINESTRING (-77.27198509999999 38.9562235, -77.27254670000001 38.956579, -77.27330550000001 38.9570735, -77.2736039 38.9572797)"
2,2453,14781,0,9629.09,0000:00,17,0,0,"LINESTRING (-77.2736039 38.9572797, -77.2741484 38.9576471, -77.2744742 38.9578837, -77.27466149999999 38.9580293)"
2,14781,2455,0,9890.68,0000:00,17,0,0,"LINESTRING (-77.27466149999999 38.9580293, -77.2747785 38.9581172, -77.27488839999999 38.9581919, -77.2759428 38.9589526, -77.2768753 38.9596325)"
2,2455,9162,0,10038.85,0000:00,17,0,0,"LINESTRING (-77.2768753 38.9596325, -77.2766103 38.9598797, -77.2764165 38.9600275, -77.2761732 38.9601933, -77.27586700000001 38.960385, -77.27574799999999 38.960468, -77.27563499999999 38.960547)"
2,9162,8819,0,10205.11,0000:00,17,0,0,"LINESTRING (-77.27563499999999 38.960547, -77.275373 38.960749, -77.27526899999999 38.960816, -77.275109 38.960894, -77.274919 38.960974, -77.27479599999999 38.961018, -77.27433600000001 38.961202, -77.274029 38.96135)"
2,8819,8340,0,10825.93,0000:00,17,0,0,"LINESTRING (-77.274029 38.96135, -77.274128 38.96147, -77.274174 38.961518, -77.274905 38.962196, -77.274996 38.962273, -77.27505600000001 38.96233, -77.27510100000001 38.962373, -77.275227 38.96248, -77.27535 38.962569, -77.275453 38.962626, -77.276118 38.962878, -77.27625399999999 38.962941, -77.276319 38.962975, -77.276758 38.963255, -77.276876 38.963309, -77.277044 38.96336, -77.27746 38.963486, -77.278525 38.96379, -77.278773 38.963854, -77.278887 38.963868, -77.27902400000001 38.963867, -77.279455 38.963855, -77.279904 38.963843, -77.280068 38.963846)"
2,8340,7509,0,11033.89,0000:00,17,0,0,"LINESTRING (-77.280068 38.963846, -77.280197 38.963853, -77.280305 38.963873, -77.28042499999999 38.963911, -77.28053199999999 38.963962, -77.28061 38.964019, -77.28068500000001 38.964091, -77.280745 38.964172, -77.28079200000001 38.964264, -77.281032 38.964948, -77.281086 38.965045, -77.281156 38.965133, -77.281237 38.96521, -77.28133200000001 38.965276)"
2,7509,8487,0,11340.23,0000:00,17,0,0,"LINESTRING (-77.28133200000001 38.965276, -77.28142800000001 38.965321, -77.281522 38.965351, -77.281729 38.965385, -77.282257 38.965445, -77.282353 38.96546, -77.282562 38.96549, -77.28277 38.965487, -77.28295 38.965466, -77.283469 38.965371, -77.28361700000001 38.965355, -77.283767 38.965354, -77.28388699999999 38.965364, -77.28401599999999 38.965389, -77.284139 38.965429, -77.284256 38.965482, -77.284356 38.965542, -77.284453 38.965617, -77.284537 38.965704, -77.28459700000001 38.96579)"
2,8487,855,0,11430.86,0000:00,17,0,0,"LINESTRING (-77.28459700000001 38.96579, -77.284751 38.965704, -77.284828 38.965653, -77.284902 38.965587, -77.28497400000001 38.965497, -77.28507399999999 38.965342, -77.28514699999999 38.965245, -77.2852324 38.9651577)"
2,855,2460,0,11658.72,0000:00,17,0,0,"LINESTRING (-77.2852324 38.9651577, -77.2860167 38.9654369, -77.2865886 38.9656453, -77.28762519999999 38.9660167)"
2,2460,2461,0,11713.64,0000:00,17,0,0,"LINESTRING (-77.28762519999999 38.9660167, -77.28820469999999 38.9662189)"
2,2461,14782,0,12017.95,0000:00,19,0,0,"LINESTRING (-77.28820469999999 38.9662189, -77.28996619999999 38.9668429, -77.290736 38.9671161, -77.29118320000001 38.9672795, -77.29140390000001 38.9673601)"
2,14782,13720,0,12332.83,0000:00,19,0,0,"LINESTRING (-77.29140390000001 38.9673601, -77.2915794 38.9674223, -77.2920342 38.9675874, -77.29247410000001 38.9677438, -77.2928242 38.9678855, -77.2932986 38.9681019, -77.2936179 38.9682581, -77.2938887 38.9684044, -77.294543 38.9687782)"
2,13720,2463,0,12393.32,0000:00,19,0,0,"LINESTRING (-77.294543 38.9687782, -77.2951068 38.9691004)"
2,2463,2464,0,13318.28,0000:00,19,0,0,"LINESTRING (-77.2951068 38.9691004, -77.29660199999999 38.9699502, -77.2972565 38.9703151, -77.29746179999999 38.9704396, -77.2982611 38.9708984, -77.2989221 38.9712681, -77.3002572 38.9720264, -77.3027913 38.9734696, -77.3032257 38.9737135, -77.30355 38.9739055, -77.3037442 38.9740092)"
2,2464,12411,0,13352.15,0000:00,20,0,0,"LINESTRING (-77.3037442 38.9740092, -77.3040699 38.9741785)"
2,12411,2465,0,13637.86,0000:00,20,0,0,"LINESTRING (-77.3040699 38.9741785, -77.3041315 38.9742104, -77.3044283 38.974347, -77.3046602 38.9744498, -77.3048998 38.9745414, -77.30511 38.9746191, -77.3053311 38.9747022, -77.30563650000001 38.9748022, -77.306099 38.9749437, -77.30699420000001 38.975197, -77.3070814 38.9752217)"
2,2465,12409,0,13713.69,0000:00,20,0,0,"LINESTRING (-77.3070814 38.9752217, -77.3079067 38.9754528)"
2,12409,2466,0,13924.75,0000:00,20,0,0,"LINESTRING (-77.3079067 38.9754528, -77.3084252 38.9756075, -77.309026 38.9757806, -77.3093882 38.9758854, -77.309682 38.9759704, -77.31019329999999 38.9761182)"
2,2466,13724,0,13942.51,0000:00,21,0,0,"LINESTRING (-77.31019329999999 38.9761182, -77.3103867 38.976172)"
2,13724,13725,0,13994.26,0000:00,21,0,0,"LINESTRING (-77.3103867 38.976172, -77.3105683 38.9762226, -77.3109484 38.9763331)"
2,13725,12948,0,14181.02,0000:00,21,0,0,"LINESTRING (-77.3109484 38.9763331, -77.3120334 38.976639, -77.3129742 38.9769167)"
2,12948,2467,0,14391.04,0000:00,21,0,0,"LINESTRING (-77.3129742 38.9769167, -77.3132832 38.9770139, -77.31368550000001 38.977154, -77.31406990000001 38.9773027, -77.3144858 38.9774831, -77.314519 38.9774975, -77.31512429999999 38.9777887)"
2,2467,2468,0,15102.10,0000:00,21,0,0,"LINESTRING (-77.31512429999999 38.9777887, -77.3152862 38.9778695, -77.315932 38.9781917, -77.3166908 38.9785984, -77.3170657 38.9788087, -77.3175157 38.9790876, -77.3177282 38.9792288, -77.3179202 38.9793658, -77.31819969999999 38.9795672, -77.3184921 38.9797987, -77.31878709999999 38.9800363, -77.31903389999999 38.9802615, -77.319294 38.9805097, -77.31959980000001 38.9807953, -77.3198948 38.9811164, -77.3201818 38.98145, -77.32046080000001 38.9817982, -77.3208068 38.9822903)"
2,2468,2469,0,15345.95,0000:00,21,0,0,"LINESTRING (-77.3208068 38.9822903, -77.3210509 38.982628, -77.3214783 38.9832609, -77.3221467 38.98422)"
2,2469,2470,0,15607.28,0000:00,21,0,0,"LINESTRING (-77.3221467 38.98422, -77.32248010000001 38.9847114, -77.3225997 38.9848669, -77.3227809 38.9851042, -77.3230404 38.985401, -77.32333130000001 38.9857068, -77.3236101 38.9859834, -77.32381770000001 38.9861704)"
2,2470,2471,0,15903.29,0000:00,23,0,0,"LINESTRING (-77.32381770000001 38.9861704, -77.3240823 38.9863836, -77.3243939 38.9866148, -77.324727 38.986853, -77.3249562 38.9869938, -77.32533239999999 38.9872233, -77.32559929999999 38.9873811, -77.326448 38.9878677)"
2,2471,10055,0,16221.09,0000:00,23,0,0,"LINESTRING (-77.326448 38.9878677, -77.3277037 38.9885891, -77.32842049999999 38.9889967, -77.3291636 38.9894304, -77.3294045 38.989567)"
2,10055,2472,0,16933.92,0000:00,23,0,0,"LINESTRING (-77.3294045 38.989567, -77.3295346 38.9896617, -77.3297127 38.9897795, -77.3300721 38.9900465, -77.33051039999999 38.9903969, -77.3308231 38.9906435, -77.3323615 38.991885, -77.33286990000001 38.9922784, -77.3332151 38.992527, -77.33368729999999 38.9928567, -77.3346044 38.9934964, -77.33534040000001 38.9940131)"
2,2472,10373,0,17041.04,0000:00,23,0,0,"LINESTRING (-77.33534040000001 38.9940131, -77.3362712 38.9946492)"
2,10373,10984,0,17114.01,0000:00,23,0,0,"LINESTRING (-77.3362712 38.9946492, -77.33688549999999 38.9950994)"
2,10984,11252,0,17293.45,0000:00,23,0,0,"LINESTRING (-77.33688549999999 38.9950994, -77.33842490000001 38.9961824)"
2,11252,2475,0,17598.63,0000:00,23,0,0,"LINESTRING (-77.33842490000001 38.9961824, -77.3390995 38.9966481, -77.3398183 38.9971463, -77.34038959999999 38.9975487, -77.3410604 38.9980091)"
2,2475,2476,0,17782.12,0000:00,25,0,0,"LINESTRING (-77.3410604 38.9980091, -77.34263989999999 38.9991119)"
2,2476,13668,0,17894.28,0000:00,25,0,0,"LINESTRING (-77.34263989999999 38.9991119, -77.34273020000001 38.9991768, -77.3430951 38.9994391, -77.3433081 38.9995923, -77.3436038 38.9997872)"
2,13668,2477,0,18018.66,0000:00,25,0,0,"LINESTRING (-77.3436038 38.9997872, -77.3438979 38.9999657, -77.3440813 39.0000655, -77.3442869 39.0001751, -77.34438129999999 39.0002243, -77.3445309 39.0003023, -77.3447831 39.0004273)"
2,2477,989,0,18066.41,0000:00,25,0,0,"LINESTRING (-77.3447831 39.0004273, -77.3450552 39.000556, -77.3452551 39.0006506)"
2,989,12387,0,18073.95,0000:00,25,0,0,"LINESTRING (-77.3452551 39.0006506, -77.3453288 39.0006868)"
2,12387,2249,0,18121.41,0000:00,25,0,0,"LINESTRING (-77.3453288 39.0006868, -77.34543650000001 39.000739, -77.345795 39.0009125)"
2,2249,12386,0,19003.02,0000:00,26,0,0,"LINESTRING (-77.345795 39.0009125, -77.3469606 39.0014873, -77.3499674 39.0029701, -77.3500336 39.0030027, -77.35054890000001 39.0032869, -77.3523952 39.0043052, -77.353165 39.0047298, -77.353742 39.005048, -77.354252 39.0053422)"
2,12386,13667,0,19106.07,0000:00,27,0,0,"LINESTRING (-77.354252 39.0053422, -77.3552028 39.0059016)"
2,13667,2478,0,19159.35,0000:00,27,0,0,"LINESTRING (-77.3552028 39.0059016, -77.3557033 39.0061814)"
2,2478,2479,0,19386.54,0000:00,28,0,0,"LINESTRING (-77.3557033 39.0061814, -77.3566922 39.0067303, -77.3578304 39.0073823)"
2,2479,12397,0,19722.92,0000:00,28,0,0,"LINESTRING (-77.3578304 39.0073823, -77.35798010000001 39.0074649, -77.3592683 39.0081894, -77.36011790000001 39.0086596, -77.360985 39.009155)"
2,12397,12828,0,20068.50,0000:00,28,0,0,"LINESTRING (-77.360985 39.009155, -77.3614358 39.0093861, -77.3634407 39.0105056, -77.3642456 39.0109544)"
2,12828,12388,0,20467.43,0000:00,29,0,0,"LINESTRING (-77.3642456 39.0109544, -77.3648274 39.0112788, -77.3656032 39.0117001, -77.36675649999999 39.0122856, -77.3680805 39.0129514)"
