,utd,utd_long,utd_lat,order,piece,linkid,group,utd_citycode
0,89398,-2.264742,53.48562800000001,1,1,0,0.1,manchester
1,89399,-2.264694,53.486187,2,1,0,0.1,manchester
2,89400,-2.264653,53.48682,3,1,0,0.1,manchester
3,89401,-2.264374,53.48719000000001,4,1,0,0.1,manchester
4,89402,-2.26386,53.48749599999999,5,1,0,0.1,manchester
5,89403,-2.262872,53.487956,6,1,0,0.1,manchester
6,89404,-2.260317,53.489087,7,1,0,0.1,manchester
7,89405,-2.259142,53.48960600000001,8,1,0,0.1,manchester
8,89406,-2.259101,53.48961800000001,9,1,0,0.1,manchester
9,89407,-2.258739,53.48959,1,1,1,1.1,manchester
10,89408,-2.259055,53.48982700000001,2,1,1,1.1,manchester
11,89409,-2.259402,53.490302,3,1,1,1.1,manchester
12,89410,-2.25952,53.49061999999999,4,1,1,1.1,manchester
13,89411,-2.2595650000000003,53.490836,5,1,1,1.1,manchester
14,89412,-2.259553,53.490999,6,1,1,1.1,manchester
15,89413,-2.2595400000000003,53.491315,7,1,1,1.1,manchester
16,89414,-2.255877,53.488614,1,1,2,2.1,manchester
17,89415,-2.255944,53.48876,2,1,2,2.1,manchester
18,89416,-2.256221,53.488947,3,1,2,2.1,manchester
19,89417,-2.256212,53.48931,4,1,2,2.1,manchester
20,89418,-2.256164,53.489373,5,1,2,2.1,manchester
21,89419,-2.256186,53.489707,6,1,2,2.1,manchester
22,89420,-2.256333,53.489842,7,1,2,2.1,manchester
23,89421,-2.256532,53.489897,8,1,2,2.1,manchester
24,89422,-2.257865,53.48991899999999,9,1,2,2.1,manchester
25,89423,-2.258251,53.489922,10,1,2,2.1,manchester
26,89424,-2.258384,53.489911,11,1,2,2.1,manchester
27,89425,-2.258546,53.489856,12,1,2,2.1,manchester
28,89426,-2.2587,53.489803,13,1,2,2.1,manchester
29,89427,-2.253664,53.486829,1,1,3,3.1,manchester
30,89428,-2.254386,53.487227,2,1,3,3.1,manchester
31,89429,-2.255174,53.487698,3,1,3,3.1,manchester
32,89430,-2.2561560000000003,53.488339,4,1,3,3.1,manchester
33,89431,-2.257531,53.488961,5,1,3,3.1,manchester
34,89432,-2.25812,53.489246,6,1,3,3.1,manchester
35,89433,-2.258739,53.48959,7,1,3,3.1,manchester
36,89434,-2.258999,53.48986800000001,1,1,4,4.1,manchester
37,89435,-2.258436,53.489496,2,1,4,4.1,manchester
38,89436,-2.257706,53.489105,3,1,4,4.1,manchester
39,89437,-2.257074,53.488791000000006,4,1,4,4.1,manchester
40,89438,-2.256006,53.488314,5,1,4,4.1,manchester
41,89439,-2.255248,53.487797,6,1,4,4.1,manchester
42,89440,-2.2535380000000003,53.48686,7,1,4,4.1,manchester
43,89441,-2.2535380000000003,53.48686,1,1,5,5.1,manchester
44,89442,-2.2533380000000003,53.487007,2,1,5,5.1,manchester
45,89443,-2.2526,53.487372,3,1,5,5.1,manchester
46,89444,-2.251857,53.487712,4,1,5,5.1,manchester
47,89445,-2.251307,53.48791,5,1,5,5.1,manchester
48,89446,-2.251208,53.487846,1,1,6,6.1,manchester
49,89447,-2.251292,53.487819,2,1,6,6.1,manchester
50,89448,-2.252377,53.48734,3,1,6,6.1,manchester
51,89449,-2.253273,53.486872,4,1,6,6.1,manchester
52,89450,-2.253434,53.486802,5,1,6,6.1,manchester
53,89451,-2.251232,53.487864,1,1,7,7.1,manchester
54,89452,-2.252605,53.487275,2,1,7,7.1,manchester
55,89453,-2.252798,53.487187,3,1,7,7.1,manchester
56,89454,-2.253575,53.486802,4,1,7,7.1,manchester
57,89455,-2.2557810000000003,53.485393,1,1,8,8.1,manchester
58,89456,-2.255578,53.485577,2,1,8,8.1,manchester
59,89457,-2.255067,53.486012,3,1,8,8.1,manchester
60,89458,-2.25463,53.486288,4,1,8,8.1,manchester
61,89459,-2.253664,53.486829,5,1,8,8.1,manchester
62,89460,-2.254571,53.486319,1,1,9,9.1,manchester
63,89461,-2.254314,53.486408,2,1,9,9.1,manchester
64,89462,-2.254263,53.486439,3,1,9,9.1,manchester
65,89463,-2.253575,53.486802,4,1,9,9.1,manchester
66,89464,-2.253434,53.486802,1,1,10,10.1,manchester
67,89465,-2.253718,53.486637,2,1,10,10.1,manchester
68,89466,-2.254173,53.486398,3,1,10,10.1,manchester
69,89467,-2.254802,53.48601899999999,4,1,10,10.1,manchester
70,89468,-2.25533,53.48556899999999,5,1,10,10.1,manchester
71,89469,-2.25124,53.48979300000001,1,1,11,11.1,manchester
72,89470,-2.251146,53.489597,2,1,11,11.1,manchester
73,89471,-2.251114,53.489172,3,1,11,11.1,manchester
74,89472,-2.251178,53.488517,4,1,11,11.1,manchester
75,89473,-2.25117,53.48824200000001,5,1,11,11.1,manchester
76,89474,-2.2511,53.48810600000001,6,1,11,11.1,manchester
77,89475,-2.250859,53.488026,1,1,12,12.1,manchester
78,89476,-2.250818,53.488037,2,1,12,12.1,manchester
79,89477,-2.250035,53.488184,3,1,12,12.1,manchester
80,89478,-2.2495,53.488264,4,1,12,12.1,manchester
81,89479,-2.249089,53.48828100000001,5,1,12,12.1,manchester
82,89480,-2.247739,53.488302,6,1,12,12.1,manchester
83,89481,-2.246801,53.488354,7,1,12,12.1,manchester
84,89482,-2.246194,53.48846,8,1,12,12.1,manchester
85,89483,-2.24591,53.48840600000001,1,1,13,13.1,manchester
86,89484,-2.2459990000000003,53.488397,2,1,13,13.1,manchester
87,89485,-2.247203,53.48824000000001,3,1,13,13.1,manchester
88,89486,-2.249142,53.488176,4,1,13,13.1,manchester
89,89487,-2.249934,53.488122,5,1,13,13.1,manchester
90,89488,-2.250754,53.48797,6,1,13,13.1,manchester
91,89489,-2.248828,53.492199,1,1,14,14.1,manchester
92,89490,-2.248419,53.491709,2,1,14,14.1,manchester
93,89491,-2.247566,53.490865,3,1,14,14.1,manchester
94,89492,-2.24731,53.490584,4,1,14,14.1,manchester
95,89493,-2.246935,53.490064,5,1,14,14.1,manchester
96,89494,-2.246581,53.489594,6,1,14,14.1,manchester
97,89495,-2.246514,53.489516,7,1,14,14.1,manchester
98,89496,-2.245912,53.488707,8,1,14,14.1,manchester
99,89497,-2.245934,53.48854,1,1,15,15.1,manchester
100,89498,-2.246318,53.488986,2,1,15,15.1,manchester
101,89499,-2.246591,53.489482,3,1,15,15.1,manchester
102,89500,-2.246795,53.489763,4,1,15,15.1,manchester
103,89501,-2.247367,53.490586,5,1,15,15.1,manchester
104,89502,-2.247739,53.490956,6,1,15,15.1,manchester
105,89503,-2.248873,53.49216,7,1,15,15.1,manchester
106,89504,-2.24893,53.492221,8,1,15,15.1,manchester
107,89505,-2.245602,53.488521,1,1,16,16.1,manchester
108,89506,-2.245447,53.488546,2,1,16,16.1,manchester
109,89507,-2.244089,53.488872,3,1,16,16.1,manchester
110,89508,-2.243612,53.489013,4,1,16,16.1,manchester
111,89509,-2.243444,53.488938,1,1,17,17.1,manchester
112,89510,-2.243529,53.488917,2,1,17,17.1,manchester
113,89511,-2.244754,53.488606,3,1,17,17.1,manchester
114,89512,-2.245358,53.48846999999999,4,1,17,17.1,manchester
115,89513,-2.244257,53.488733,1,1,18,18.1,manchester
116,89514,-2.244577,53.488687,2,1,18,18.1,manchester
117,89515,-2.244798,53.48863000000001,3,1,18,18.1,manchester
118,89516,-2.245372,53.48849300000001,4,1,18,18.1,manchester
119,89517,-2.24321,53.48910600000001,1,1,19,19.1,manchester
120,89518,-2.24313,53.489123,2,1,19,19.1,manchester
121,89519,-2.242085,53.489383,3,1,19,19.1,manchester
122,89520,-2.241821,53.48934000000001,1,1,20,20.1,manchester
123,89521,-2.242232,53.48925600000001,2,1,20,20.1,manchester
124,89522,-2.243146,53.48904399999999,3,1,20,20.1,manchester
125,89523,-2.244741,53.492549,1,1,21,21.1,manchester
126,89524,-2.2426060000000003,53.492116,2,1,21,21.1,manchester
127,89525,-2.241535,53.491896,3,1,21,21.1,manchester
128,89526,-2.240982,53.491787,4,1,21,21.1,manchester
129,89527,-2.240806,53.491611,1,1,22,22.1,manchester
130,89528,-2.24068,53.491807,2,1,22,22.1,manchester
131,89529,-2.240275,53.492544,3,1,22,22.1,manchester
132,89530,-2.239819,53.49332800000001,4,1,22,22.1,manchester
133,89531,-2.23939,53.494063,5,1,22,22.1,manchester
134,89532,-2.238397,53.491126,1,1,23,23.1,manchester
135,89533,-2.239729,53.491462,2,1,23,23.1,manchester
136,89534,-2.240535,53.491647,3,1,23,23.1,manchester
137,89535,-2.24061,53.491796,1,1,24,24.1,manchester
138,89536,-2.24137,53.490487,2,1,24,24.1,manchester
139,89537,-2.241557,53.490042,3,1,24,24.1,manchester
140,89538,-2.2415700000000003,53.48966400000001,4,1,24,24.1,manchester
141,89539,-2.241391,53.490438,1,1,25,25.1,manchester
142,89540,-2.24159,53.490107,2,1,25,25.1,manchester
143,89541,-2.2416270000000003,53.489649,3,1,25,25.1,manchester
144,89542,-2.241737,53.48961,1,1,26,26.1,manchester
145,89543,-2.241684,53.490085,2,1,26,26.1,manchester
146,89544,-2.241364,53.49066800000001,3,1,26,26.1,manchester
147,89545,-2.240806,53.491611,4,1,26,26.1,manchester
148,89546,-2.241452,53.489325,1,1,27,27.1,manchester
149,89547,-2.241421,53.48927800000001,2,1,27,27.1,manchester
150,89548,-2.240566,53.488388,3,1,27,27.1,manchester
151,89549,-2.240214,53.487989,4,1,27,27.1,manchester
152,89550,-2.240184,53.487832,1,1,28,28.1,manchester
153,89551,-2.24031,53.487997,2,1,28,28.1,manchester
154,89552,-2.240637,53.488366000000006,3,1,28,28.1,manchester
155,89553,-2.241332,53.489084,4,1,28,28.1,manchester
156,89554,-2.241566,53.489282,5,1,28,28.1,manchester
157,89555,-2.24032,53.487738,1,1,29,29.1,manchester
158,89556,-2.240327,53.487922,2,1,29,29.1,manchester
159,89557,-2.24037,53.48798000000001,3,1,29,29.1,manchester
160,89558,-2.241391,53.489086,4,1,29,29.1,manchester
161,89559,-2.241568,53.489171,5,1,29,29.1,manchester
162,89560,-2.239978,53.487892,1,1,30,30.1,manchester
163,89561,-2.23982,53.487942,2,1,30,30.1,manchester
164,89562,-2.23958,53.488125,3,1,30,30.1,manchester
165,89563,-2.239396,53.48831800000001,4,1,30,30.1,manchester
166,89564,-2.239341,53.488356,1,1,31,31.1,manchester
167,89565,-2.239126,53.48853199999999,2,1,31,31.1,manchester
168,89566,-2.23905,53.488587,3,1,31,31.1,manchester
169,89567,-2.2388,53.488684,4,1,31,31.1,manchester
170,89568,-2.238416,53.48869300000001,5,1,31,31.1,manchester
171,89569,-2.238057,53.488652,6,1,31,31.1,manchester
172,89570,-2.23921,53.48833199999999,1,1,32,32.1,manchester
173,89571,-2.239105,53.48849300000001,2,1,32,32.1,manchester
174,89572,-2.2389900000000003,53.488547,3,1,32,32.1,manchester
175,89573,-2.238757,53.488637,4,1,32,32.1,manchester
176,89574,-2.238385,53.488636,5,1,32,32.1,manchester
177,89575,-2.238084,53.488604,6,1,32,32.1,manchester
178,89576,-2.239307,53.488239,1,1,33,33.1,manchester
179,89577,-2.23938,53.488187,2,1,33,33.1,manchester
180,89578,-2.23964,53.487971,3,1,33,33.1,manchester
181,89579,-2.239694,53.487904,4,1,33,33.1,manchester
182,89580,-2.237344,53.48935,1,1,34,34.1,manchester
183,89581,-2.237306,53.48925500000001,2,1,34,34.1,manchester
184,89582,-2.23733,53.48917700000001,3,1,34,34.1,manchester
185,89583,-2.237636,53.488749,4,1,34,34.1,manchester
186,89584,-2.237512,53.488582,1,1,35,35.1,manchester
187,89585,-2.23745,53.488579,2,1,35,35.1,manchester
188,89586,-2.237043,53.488476,3,1,35,35.1,manchester
189,89587,-2.236753,53.488325,4,1,35,35.1,manchester
190,89588,-2.236469,53.488063,5,1,35,35.1,manchester
191,89589,-2.237518,53.488547,1,1,36,36.1,manchester
192,89590,-2.237469,53.488548,2,1,36,36.1,manchester
193,89591,-2.237064,53.488436,3,1,36,36.1,manchester
194,89592,-2.236785,53.488285,4,1,36,36.1,manchester
195,89593,-2.236512,53.488049,5,1,36,36.1,manchester
196,89594,-2.236469,53.488063,1,1,37,37.1,manchester
197,89595,-2.236316,53.487903,2,1,37,37.1,manchester
198,89596,-2.235565,53.487288,3,1,37,37.1,manchester
199,89597,-2.236512,53.488049,1,1,38,38.1,manchester
200,89598,-2.236359,53.487886,2,1,38,38.1,manchester
201,89599,-2.235629,53.487267,3,1,38,38.1,manchester
202,89600,-2.234964,53.487008,1,1,39,39.1,manchester
203,89601,-2.23491,53.487028,2,1,39,39.1,manchester
204,89602,-2.233277,53.48775,3,1,39,39.1,manchester
205,89603,-2.232676,53.48798000000001,1,1,40,40.1,manchester
206,89604,-2.232623,53.488008,2,1,40,40.1,manchester
207,89605,-2.232287,53.48814,3,1,40,40.1,manchester
208,89606,-2.231636,53.488365,4,1,40,40.1,manchester
209,89607,-2.231461,53.488435,5,1,40,40.1,manchester
210,89608,-2.230968,53.488772,6,1,40,40.1,manchester
211,89609,-2.230073,53.489406,7,1,40,40.1,manchester
212,89610,-2.228334,53.49064,8,1,40,40.1,manchester
213,89611,-2.233095,53.48770699999999,1,1,41,41.1,manchester
214,89612,-2.233141,53.487687,2,1,41,41.1,manchester
215,89613,-2.234728,53.48696,3,1,41,41.1,manchester
216,89614,-2.232802,53.487763,1,1,42,42.1,manchester
217,89615,-2.232718,53.487730000000006,2,1,42,42.1,manchester
218,89616,-2.229914,53.486234,3,1,42,42.1,manchester
219,89617,-2.229962,53.486185,1,1,43,43.1,manchester
220,89618,-2.230101,53.48625799999999,2,1,43,43.1,manchester
221,89619,-2.232758,53.487678,3,1,43,43.1,manchester
222,89620,-2.231611,53.48550899999999,1,1,44,44.1,manchester
223,89621,-2.231587,53.485518000000006,2,1,44,44.1,manchester
224,89622,-2.230121,53.486032,3,1,44,44.1,manchester
225,89623,-2.229993,53.485981,1,1,45,45.1,manchester
226,89624,-2.23008,53.485939,2,1,45,45.1,manchester
227,89625,-2.231474,53.485486,3,1,45,45.1,manchester
228,89626,-2.23481,53.490038,1,1,46,46.1,manchester
229,89627,-2.234559,53.49019200000001,2,1,46,46.1,manchester
230,89628,-2.234429,53.490246,3,1,46,46.1,manchester
231,89629,-2.233546,53.490464,4,1,46,46.1,manchester
232,89630,-2.232193,53.490765,5,1,46,46.1,manchester
233,89631,-2.2299,53.49110200000001,6,1,46,46.1,manchester
234,89632,-2.229114,53.491189,7,1,46,46.1,manchester
235,89633,-2.228894,53.491157,8,1,46,46.1,manchester
236,89634,-2.2282990000000003,53.4909,9,1,46,46.1,manchester
237,89635,-2.224026,53.488425,1,1,47,47.1,manchester
238,89636,-2.224951,53.489035,2,1,47,47.1,manchester
239,89637,-2.226172,53.48978100000001,3,1,47,47.1,manchester
240,89638,-2.22706,53.490352,4,1,47,47.1,manchester
241,89639,-2.227736,53.49079,5,1,47,47.1,manchester
242,89640,-2.224117,53.488136,1,1,48,48.1,manchester
243,89641,-2.22416,53.488127,2,1,48,48.1,manchester
244,89642,-2.226089,53.487366,3,1,48,48.1,manchester
245,89643,-2.22756,53.48685500000001,4,1,48,48.1,manchester
246,89644,-2.229468,53.486166,5,1,48,48.1,manchester
247,89645,-2.234747,53.48684100000001,1,1,49,49.1,manchester
248,89646,-2.234344,53.48662,2,1,49,49.1,manchester
249,89647,-2.233187,53.48604,3,1,49,49.1,manchester
250,89648,-2.23207,53.485489,4,1,49,49.1,manchester
251,89649,-2.235144,53.486739,1,1,50,50.1,manchester
252,89650,-2.2352,53.48670799999999,2,1,50,50.1,manchester
253,89651,-2.235643,53.48645,3,1,50,50.1,manchester
254,89652,-2.235109,53.486711,1,1,51,51.1,manchester
255,89653,-2.235162,53.486687,2,1,51,51.1,manchester
256,89654,-2.235589,53.486426,3,1,51,51.1,manchester
257,89655,-2.235774,53.486521,1,1,52,52.1,manchester
258,89656,-2.23575,53.486538,2,1,52,52.1,manchester
259,89657,-2.235368,53.48678,3,1,52,52.1,manchester
260,89658,-2.235719,53.486485,1,1,53,53.1,manchester
261,89659,-2.23569,53.48650799999999,2,1,53,53.1,manchester
262,89660,-2.235321,53.486755,3,1,53,53.1,manchester
263,89661,-2.234473,53.489236,1,1,54,54.1,manchester
264,89662,-2.234087,53.48893,2,1,54,54.1,manchester
265,89663,-2.233392,53.488398,3,1,54,54.1,manchester
266,89664,-2.233181,53.488257,4,1,54,54.1,manchester
267,89665,-2.232896,53.48804200000001,5,1,54,54.1,manchester
268,89666,-2.238593,53.487196,1,1,55,55.1,manchester
269,89667,-2.23866,53.487217,2,1,55,55.1,manchester
270,89668,-2.239516,53.487557,3,1,55,55.1,manchester
271,89669,-2.23972,53.487662,4,1,55,55.1,manchester
272,89670,-2.238604,53.48716500000001,1,1,56,56.1,manchester
273,89671,-2.23868,53.487187,2,1,56,56.1,manchester
274,89672,-2.239569,53.487532,3,1,56,56.1,manchester
275,89673,-2.239746,53.487634,4,1,56,56.1,manchester
276,89674,-2.236238,53.486427,1,1,57,57.1,manchester
277,89675,-2.2362900000000003,53.486458,2,1,57,57.1,manchester
278,89676,-2.238448,53.48713299999999,3,1,57,57.1,manchester
279,89677,-2.235938,53.486172,1,1,58,58.1,manchester
280,89678,-2.23616,53.486068,2,1,58,58.1,manchester
281,89679,-2.236925,53.485717,3,1,58,58.1,manchester
282,89680,-2.237166,53.485664,1,1,59,59.1,manchester
283,89681,-2.23706,53.485708,2,1,59,59.1,manchester
284,89682,-2.236321,53.486063,3,1,59,59.1,manchester
285,89683,-2.236198,53.486148,4,1,59,59.1,manchester
286,89684,-2.240471,53.486683,1,1,60,60.1,manchester
287,89685,-2.239199,53.48625799999999,2,1,60,60.1,manchester
288,89686,-2.237871,53.485835,3,1,60,60.1,manchester
289,89687,-2.23751,53.48571800000001,4,1,60,60.1,manchester
290,89688,-2.238486,53.484988,1,1,61,61.1,manchester
291,89689,-2.23815,53.485155000000006,2,1,61,61.1,manchester
292,89690,-2.237346,53.485546,3,1,61,61.1,manchester
293,89691,-2.244794,53.486887,1,1,62,62.1,manchester
294,89692,-2.244842,53.487075,2,1,62,62.1,manchester
295,89693,-2.245674,53.488288,3,1,62,62.1,manchester
296,89694,-2.240546,53.48731899999999,1,1,63,63.1,manchester
297,89695,-2.24053,53.487347,2,1,63,63.1,manchester
298,89696,-2.24032,53.487738,3,1,63,63.1,manchester
299,89697,-2.232644,53.48505600000001,1,1,64,64.1,manchester
300,89698,-2.2326200000000003,53.485079000000006,2,1,64,64.1,manchester
301,89699,-2.232097,53.485323,3,1,64,64.1,manchester
302,89700,-2.231933,53.485237,1,1,65,65.1,manchester
303,89701,-2.232019,53.485202,2,1,65,65.1,manchester
304,89702,-2.232504,53.484975,3,1,65,65.1,manchester
305,89703,-2.231877,53.4852,1,1,66,66.1,manchester
306,89704,-2.231986,53.485158,2,1,66,66.1,manchester
307,89705,-2.232491,53.484922,3,1,66,66.1,manchester
308,89706,-2.232928,53.484838,1,1,67,67.1,manchester
309,89707,-2.233071,53.484848,2,1,67,67.1,manchester
310,89708,-2.235734,53.486188,3,1,67,67.1,manchester
311,89709,-2.232491,53.484922,1,1,68,68.1,manchester
312,89710,-2.232647,53.484818,2,1,68,68.1,manchester
313,89711,-2.232577,53.484704,3,1,68,68.1,manchester
314,89712,-2.231732,53.484271,4,1,68,68.1,manchester
315,89713,-2.231869,53.484191,1,1,69,69.1,manchester
316,89714,-2.231922,53.484212,2,1,69,69.1,manchester
317,89715,-2.232625,53.4846,3,1,69,69.1,manchester
318,89716,-2.231732,53.484271,1,1,70,70.1,manchester
319,89717,-2.231461,53.484108,2,1,70,70.1,manchester
320,89718,-2.230702,53.483748,3,1,70,70.1,manchester
321,89719,-2.2307240000000004,53.483601,1,1,71,71.1,manchester
322,89720,-2.230785,53.483623,2,1,71,71.1,manchester
323,89721,-2.231869,53.484191,3,1,71,71.1,manchester
324,89722,-2.230184,53.483448,1,1,72,72.1,manchester
325,89723,-2.230164,53.483429,2,1,72,72.1,manchester
326,89724,-2.2288650000000003,53.482723,3,1,72,72.1,manchester
327,89725,-2.229038,53.482668,1,1,73,73.1,manchester
328,89726,-2.229181,53.482748,2,1,73,73.1,manchester
329,89727,-2.230251,53.483388,3,1,73,73.1,manchester
330,89728,-2.2288650000000003,53.482723,1,1,74,74.1,manchester
331,89729,-2.2287790000000003,53.482671,2,1,74,74.1,manchester
332,89730,-2.228151,53.482298,3,1,74,74.1,manchester
333,89731,-2.228151,53.482298,1,1,75,75.1,manchester
334,89732,-2.228022,53.482223,2,1,75,75.1,manchester
335,89733,-2.2275240000000003,53.481939,3,1,75,75.1,manchester
336,89734,-2.226909,53.481697,4,1,75,75.1,manchester
337,89735,-2.2281,53.482161,1,1,76,76.1,manchester
338,89736,-2.2281880000000003,53.48220600000001,2,1,76,76.1,manchester
339,89737,-2.228859,53.482582,3,1,76,76.1,manchester
340,89738,-2.229038,53.482668,4,1,76,76.1,manchester
341,89739,-2.2265900000000003,53.481436,1,1,77,77.1,manchester
342,89740,-2.226992,53.481566,2,1,77,77.1,manchester
343,89741,-2.2271,53.481603,3,1,77,77.1,manchester
344,89742,-2.2281,53.482161,4,1,77,77.1,manchester
345,89743,-2.226909,53.481697,1,1,78,78.1,manchester
346,89744,-2.226467,53.481508,2,1,78,78.1,manchester
347,89745,-2.226255,53.481448,3,1,78,78.1,manchester
348,89746,-2.225756,53.48129399999999,4,1,78,78.1,manchester
349,89747,-2.225284,53.48114399999999,5,1,78,78.1,manchester
350,89748,-2.224774,53.480916,6,1,78,78.1,manchester
351,89749,-2.224396,53.480573,1,1,79,79.1,manchester
352,89750,-2.224777,53.48078,2,1,79,79.1,manchester
353,89751,-2.224874,53.480833,3,1,79,79.1,manchester
354,89752,-2.225971,53.481211,4,1,79,79.1,manchester
355,89753,-2.2265900000000003,53.481436,5,1,79,79.1,manchester
356,89754,-2.224774,53.480916,1,1,80,80.1,manchester
357,89755,-2.224332,53.480658,2,1,80,80.1,manchester
358,89756,-2.2242,53.480597,3,1,80,80.1,manchester
359,89757,-2.223557,53.48007,4,1,80,80.1,manchester
360,89758,-2.2228380000000003,53.479636,5,1,80,80.1,manchester
361,89759,-2.222545,53.479328,1,1,81,81.1,manchester
362,89760,-2.222988,53.479598,2,1,81,81.1,manchester
363,89761,-2.223648,53.479963,3,1,81,81.1,manchester
364,89762,-2.224396,53.480573,4,1,81,81.1,manchester
365,89763,-2.221931,53.479114,1,1,82,82.1,manchester
366,89764,-2.221549,53.478911,2,1,82,82.1,manchester
367,89765,-2.220917,53.478527,3,1,82,82.1,manchester
368,89766,-2.220475,53.478378,4,1,82,82.1,manchester
369,89767,-2.21992,53.478295,5,1,82,82.1,manchester
370,89768,-2.219016,53.478183,6,1,82,82.1,manchester
371,89769,-2.219268,53.478107,1,1,83,83.1,manchester
372,89770,-2.219343,53.478116,2,1,83,83.1,manchester
373,89771,-2.220346,53.478273,3,1,83,83.1,manchester
374,89772,-2.220791,53.478391,4,1,83,83.1,manchester
375,89773,-2.221612,53.478811,5,1,83,83.1,manchester
376,89774,-2.219,53.478196,1,1,84,84.1,manchester
377,89775,-2.218857,53.478182,2,1,84,84.1,manchester
378,89776,-2.218613,53.47814200000001,3,1,84,84.1,manchester
379,89777,-2.21821,53.477956000000006,4,1,84,84.1,manchester
380,89778,-2.218037,53.477783,5,1,84,84.1,manchester
381,89779,-2.217894,53.47750500000001,6,1,84,84.1,manchester
382,89780,-2.217825,53.477087,7,1,84,84.1,manchester
383,89781,-2.217768,53.476686,8,1,84,84.1,manchester
384,89782,-2.2177580000000003,53.47658199999999,9,1,84,84.1,manchester
385,89783,-2.219008,53.478169,1,1,85,85.1,manchester
386,89784,-2.218651,53.478113,2,1,85,85.1,manchester
387,89785,-2.21825,53.477939,3,1,85,85.1,manchester
388,89786,-2.2180880000000003,53.47776500000001,4,1,85,85.1,manchester
389,89787,-2.21794,53.47744599999999,5,1,85,85.1,manchester
390,89788,-2.217849,53.476999,6,1,85,85.1,manchester
391,89789,-2.217827,53.476579,7,1,85,85.1,manchester
392,89790,-2.218082,53.476244,1,1,86,86.1,manchester
393,89791,-2.21797,53.476386,2,1,86,86.1,manchester
394,89792,-2.217946,53.47658199999999,3,1,86,86.1,manchester
395,89793,-2.2180470000000003,53.477141,4,1,86,86.1,manchester
396,89794,-2.218195,53.47756999999999,5,1,86,86.1,manchester
397,89795,-2.21833,53.477812,6,1,86,86.1,manchester
398,89796,-2.218564,53.477941,7,1,86,86.1,manchester
399,89797,-2.218053,53.477151,1,1,87,87.1,manchester
400,89798,-2.218058,53.477359,2,1,87,87.1,manchester
401,89799,-2.21807,53.477558,3,1,87,87.1,manchester
402,89800,-2.218259,53.47787,4,1,87,87.1,manchester
403,89801,-2.218506,53.478003,5,1,87,87.1,manchester
404,89802,-2.218605,53.478067,6,1,87,87.1,manchester
405,89803,-2.218621,53.478179,7,1,87,87.1,manchester
406,89804,-2.21857,53.478239,8,1,87,87.1,manchester
407,89805,-2.21857,53.478239,1,1,88,88.1,manchester
408,89806,-2.218522,53.478271,2,1,88,88.1,manchester
409,89807,-2.217962,53.478646,3,1,88,88.1,manchester
410,89808,-2.217902,53.478621,1,1,89,89.1,manchester
411,89809,-2.217909,53.478614,2,1,89,89.1,manchester
412,89810,-2.218468,53.478202,3,1,89,89.1,manchester
413,89811,-2.217626,53.476305,1,1,90,90.1,manchester
414,89812,-2.217594,53.476238,2,1,90,90.1,manchester
415,89813,-2.217465,53.476019,3,1,90,90.1,manchester
416,89814,-2.216926,53.47550500000001,4,1,90,90.1,manchester
417,89815,-2.216871,53.475264,1,1,91,91.1,manchester
418,89816,-2.217083,53.475497,2,1,91,91.1,manchester
419,89817,-2.217318,53.475667,3,1,91,91.1,manchester
420,89818,-2.217628,53.475963,4,1,91,91.1,manchester
421,89819,-2.217767,53.47617,5,1,91,91.1,manchester
422,89820,-2.217827,53.476579,1,1,92,92.1,manchester
423,89821,-2.21783,53.476324,2,1,92,92.1,manchester
424,89822,-2.217975,53.47618000000001,3,1,92,92.1,manchester
425,89823,-2.218053,53.476153,4,1,92,92.1,manchester
426,89824,-2.21816,53.476108,5,1,92,92.1,manchester
427,89825,-2.217239,53.475364,1,1,93,93.1,manchester
428,89826,-2.216407,53.47532800000001,2,1,93,93.1,manchester
429,89827,-2.214416,53.475235,3,1,93,93.1,manchester
430,89828,-2.214043,53.47516,1,1,94,94.1,manchester
431,89829,-2.214421,53.475179,2,1,94,94.1,manchester
432,89830,-2.216111,53.475203,3,1,94,94.1,manchester
433,89831,-2.216392,53.475227,4,1,94,94.1,manchester
434,89832,-2.216392,53.475227,1,1,95,95.1,manchester
435,89833,-2.217109,53.475249,2,1,95,95.1,manchester
436,89834,-2.219071,53.475368,3,1,95,95.1,manchester
437,89835,-2.2191110000000003,53.475434,1,1,96,96.1,manchester
438,89836,-2.21904,53.47543100000001,2,1,96,96.1,manchester
439,89837,-2.217239,53.475364,3,1,96,96.1,manchester
440,89838,-2.215747,53.471024,1,1,97,97.1,manchester
441,89839,-2.215796,53.471387,2,1,97,97.1,manchester
442,89840,-2.215871,53.471603,3,1,97,97.1,manchester
443,89841,-2.216087,53.472007,4,1,97,97.1,manchester
444,89842,-2.216245,53.47251800000001,5,1,97,97.1,manchester
445,89843,-2.216308,53.47286500000001,6,1,97,97.1,manchester
446,89844,-2.216435,53.473907,7,1,97,97.1,manchester
447,89845,-2.216528,53.474344,8,1,97,97.1,manchester
448,89846,-2.2167,53.475051,9,1,97,97.1,manchester
449,89847,-2.216871,53.475264,10,1,97,97.1,manchester
450,89848,-2.208912,53.474887,1,1,98,98.1,manchester
451,89849,-2.210666,53.474978,2,1,98,98.1,manchester
452,89850,-2.211817,53.47503,3,1,98,98.1,manchester
453,89851,-2.214043,53.47516,4,1,98,98.1,manchester
454,89852,-2.219738,53.475333,1,1,99,99.1,manchester
455,89853,-2.219535,53.475492,2,1,99,99.1,manchester
456,89854,-2.219442,53.47555600000001,3,1,99,99.1,manchester
457,89855,-2.218882,53.475913,4,1,99,99.1,manchester
458,89856,-2.2182,53.476185,5,1,99,99.1,manchester
459,89857,-2.218082,53.476244,6,1,99,99.1,manchester
460,89858,-2.228095,53.476218,1,1,100,100.1,manchester
461,89859,-2.226915,53.476113,2,1,100,100.1,manchester
462,89860,-2.225472,53.47599,3,1,100,100.1,manchester
463,89861,-2.222859,53.475749,4,1,100,100.1,manchester
464,89862,-2.221223,53.475605,5,1,100,100.1,manchester
465,89863,-2.220259,53.475522,6,1,100,100.1,manchester
466,89864,-2.219794,53.47548000000001,7,1,100,100.1,manchester
467,89865,-2.261832,53.475516000000006,1,1,101,101.1,manchester
468,89866,-2.261531,53.475352,2,1,101,101.1,manchester
469,89867,-2.261156,53.474901,3,1,101,101.1,manchester
470,89868,-2.259686,53.473236,4,1,101,101.1,manchester
471,89869,-2.258742,53.472655,5,1,101,101.1,manchester
472,89870,-2.25665,53.47155400000001,6,1,101,101.1,manchester
473,89871,-2.254643,53.47108100000001,7,1,101,101.1,manchester
474,89872,-2.25165,53.47089,8,1,101,101.1,manchester
475,89873,-2.2469080000000003,53.470474,9,1,101,101.1,manchester
476,89874,-2.244687,53.470289,10,1,101,101.1,manchester
477,89875,-2.243679,53.47034300000001,11,1,101,101.1,manchester
478,89876,-2.242021,53.47057,12,1,101,101.1,manchester
479,89877,-2.240197,53.471126,13,1,101,101.1,manchester
480,89878,-2.239162,53.47145500000001,14,1,101,101.1,manchester
481,89879,-2.23722,53.47184100000001,15,1,101,101.1,manchester
482,89880,-2.235482,53.472026,16,1,101,101.1,manchester
483,89881,-2.2338400000000003,53.472486,17,1,101,101.1,manchester
484,89882,-2.231673,53.473501,18,1,101,101.1,manchester
485,89883,-2.230568,53.473897,19,1,101,101.1,manchester
486,89884,-2.229752,53.474038,20,1,101,101.1,manchester
487,89885,-2.228626,53.474025,21,1,101,101.1,manchester
488,89886,-2.226523,53.47371800000001,22,1,101,101.1,manchester
489,89887,-2.225268,53.473559,23,1,101,101.1,manchester
490,89888,-2.222532,53.473533,24,1,101,101.1,manchester
491,89889,-2.221931,53.473629,25,1,101,101.1,manchester
492,89890,-2.221384,53.473821,26,1,101,101.1,manchester
493,89891,-2.2209950000000003,53.474097,27,1,101,101.1,manchester
494,89892,-2.2204080000000004,53.474664,28,1,101,101.1,manchester
495,89893,-2.219738,53.475333,29,1,101,101.1,manchester
496,89894,-2.232601,53.48212,1,1,102,102.1,manchester
497,89895,-2.23254,53.482171,2,1,102,102.1,manchester
498,89896,-2.231603,53.48283000000001,3,1,102,102.1,manchester
499,89897,-2.2307810000000003,53.48343000000001,4,1,102,102.1,manchester
500,89898,-2.23362,53.482708,1,1,103,103.1,manchester
501,89899,-2.232555,53.483454,2,1,103,103.1,manchester
502,89900,-2.231807,53.484001,3,1,103,103.1,manchester
503,89901,-2.228476,53.481009,1,1,104,104.1,manchester
504,89902,-2.227908,53.481184,2,1,104,104.1,manchester
505,89903,-2.2270060000000003,53.48145400000001,3,1,104,104.1,manchester
506,89904,-2.232048,53.477736,1,1,105,105.1,manchester
507,89905,-2.230445,53.47836700000001,2,1,105,105.1,manchester
508,89906,-2.228723,53.479053,3,1,105,105.1,manchester
509,89907,-2.226019,53.480113,4,1,105,105.1,manchester
510,89908,-2.225517,53.48033100000001,5,1,105,105.1,manchester
511,89909,-2.224785,53.480642,6,1,105,105.1,manchester
512,89910,-2.228036,53.476073,1,1,106,106.1,manchester
513,89911,-2.227821,53.476123,2,1,106,106.1,manchester
514,89912,-2.227545,53.47623000000001,3,1,106,106.1,manchester
515,89913,-2.225764,53.476873,4,1,106,106.1,manchester
516,89914,-2.224251,53.47743000000001,5,1,106,106.1,manchester
517,89915,-2.22349,53.477938,6,1,106,106.1,manchester
518,89916,-2.222575,53.478522,7,1,106,106.1,manchester
519,89917,-2.222473,53.478597,8,1,106,106.1,manchester
520,89918,-2.222025,53.478897,9,1,106,106.1,manchester
521,89919,-2.216021,53.478222,1,1,107,107.1,manchester
522,89920,-2.217105,53.47852,2,1,107,107.1,manchester
523,89921,-2.2173380000000003,53.478593,3,1,107,107.1,manchester
524,89922,-2.217455,53.478616,4,1,107,107.1,manchester
525,89923,-2.217519,53.47862900000001,5,1,107,107.1,manchester
526,89924,-2.215325,53.480898,1,1,108,108.1,manchester
527,89925,-2.216202,53.480104,2,1,108,108.1,manchester
528,89926,-2.217221,53.479215,3,1,108,108.1,manchester
529,89927,-2.217575,53.47891600000001,4,1,108,108.1,manchester
530,89928,-2.21687,53.482089,1,1,109,109.1,manchester
531,89929,-2.217701,53.48149100000001,2,1,109,109.1,manchester
532,89930,-2.218959,53.48090500000001,3,1,109,109.1,manchester
533,89931,-2.220392,53.480259,4,1,109,109.1,manchester
534,89932,-2.222004,53.47963299999999,5,1,109,109.1,manchester
535,89933,-2.222326,53.47953100000001,6,1,109,109.1,manchester
536,89934,-2.24929,53.48472,1,1,110,110.1,manchester
537,89935,-2.249982,53.485114,2,1,110,110.1,manchester
538,89936,-2.250668,53.485553,3,1,110,110.1,manchester
539,89937,-2.251999,53.486024,4,1,110,110.1,manchester
540,89938,-2.2522330000000004,53.486112,5,1,110,110.1,manchester
541,89939,-2.253318,53.48662,6,1,110,110.1,manchester
542,89940,-2.254024,53.484913,1,1,111,111.1,manchester
543,89941,-2.254059,53.484933,2,1,111,111.1,manchester
544,89942,-2.254228,53.484962,3,1,111,111.1,manchester
545,89943,-2.254555,53.484844,4,1,111,111.1,manchester
546,89944,-2.25485,53.48493000000001,5,1,111,111.1,manchester
547,89945,-2.254938,53.484997,6,1,111,111.1,manchester
548,89946,-2.2554,53.48530699999999,7,1,111,111.1,manchester
549,89947,-2.256502,53.48474399999999,1,1,112,112.1,manchester
550,89948,-2.256485,53.484764,2,1,112,112.1,manchester
551,89949,-2.2557810000000003,53.485393,3,1,112,112.1,manchester
552,89950,-2.25533,53.48556899999999,1,1,113,113.1,manchester
553,89951,-2.255979,53.485063,2,1,113,113.1,manchester
554,89952,-2.256314,53.48475500000001,3,1,113,113.1,manchester
555,89953,-2.256314,53.48475500000001,1,1,114,114.1,manchester
556,89954,-2.256444,53.484638,2,1,114,114.1,manchester
557,89955,-2.257143,53.48376800000001,3,1,114,114.1,manchester
558,89956,-2.2572240000000003,53.483562,4,1,114,114.1,manchester
559,89957,-2.257406,53.483138,1,1,115,115.1,manchester
560,89958,-2.257427,53.483114,2,1,115,115.1,manchester
561,89959,-2.257556,53.482852,3,1,115,115.1,manchester
562,89960,-2.257546,53.482584,4,1,115,115.1,manchester
563,89961,-2.2575,53.482432,5,1,115,115.1,manchester
564,89962,-2.257352,53.482236,6,1,115,115.1,manchester
565,89963,-2.256883,53.481837,7,1,115,115.1,manchester
566,89964,-2.256797,53.481751,8,1,115,115.1,manchester
567,89965,-2.256934,53.481596,1,1,116,116.1,manchester
568,89966,-2.257113,53.48178000000001,2,1,116,116.1,manchester
569,89967,-2.257591,53.482191,3,1,116,116.1,manchester
570,89968,-2.257843,53.48250899999999,4,1,116,116.1,manchester
571,89969,-2.257838,53.48278199999999,5,1,116,116.1,manchester
572,89970,-2.257723,53.483002,6,1,116,116.1,manchester
573,89971,-2.257618,53.483165,7,1,116,116.1,manchester
574,89972,-2.256544,53.48163100000001,1,1,117,117.1,manchester
575,89973,-2.256159,53.481715,2,1,117,117.1,manchester
576,89974,-2.255824,53.48184499999999,3,1,117,117.1,manchester
577,89975,-2.255878,53.481898,4,1,117,117.1,manchester
578,89976,-2.255892,53.48190699999999,5,1,117,117.1,manchester
579,89977,-2.257146,53.48340400000001,1,1,118,118.1,manchester
580,89978,-2.256824,53.483411,2,1,118,118.1,manchester
581,89979,-2.256022,53.483465,3,1,118,118.1,manchester
582,89980,-2.25538,53.483499,4,1,118,118.1,manchester
583,89981,-2.255172,53.483459,1,1,119,119.1,manchester
584,89982,-2.255388,53.483448,2,1,119,119.1,manchester
585,89983,-2.256328,53.483412,3,1,119,119.1,manchester
586,89984,-2.257006,53.483344,4,1,119,119.1,manchester
587,89985,-2.255199,53.48365500000001,1,1,120,120.1,manchester
588,89986,-2.254835,53.483351,2,1,120,120.1,manchester
589,89987,-2.2541740000000003,53.482724,3,1,120,120.1,manchester
590,89988,-2.254249,53.482696,1,1,121,121.1,manchester
591,89989,-2.254298,53.482728,2,1,121,121.1,manchester
592,89990,-2.2548470000000003,53.483258,3,1,121,121.1,manchester
593,89991,-2.2525060000000003,53.484035,1,1,122,122.1,manchester
594,89992,-2.252844,53.48393000000001,2,1,122,122.1,manchester
595,89993,-2.2530080000000003,53.48390799999999,3,1,122,122.1,manchester
596,89994,-2.254622,53.483553,4,1,122,122.1,manchester
597,89995,-2.253973,53.482684,1,1,123,123.1,manchester
598,89996,-2.253546,53.482836,2,1,123,123.1,manchester
599,89997,-2.253378,53.482888,3,1,123,123.1,manchester
600,89998,-2.252798,53.483064,4,1,123,123.1,manchester
601,89999,-2.252456,53.48317700000001,5,1,123,123.1,manchester
602,90000,-2.254623,53.482299,1,1,124,124.1,manchester
603,90001,-2.254512,53.48234300000001,2,1,124,124.1,manchester
604,90002,-2.254182,53.482457,3,1,124,124.1,manchester
605,90003,-2.257712,53.483287,1,1,125,125.1,manchester
606,90004,-2.257923,53.483288,2,1,125,125.1,manchester
607,90005,-2.258997,53.483294,3,1,125,125.1,manchester
608,90006,-2.2589930000000003,53.483384,1,1,126,126.1,manchester
609,90007,-2.258937,53.483388,2,1,126,126.1,manchester
610,90008,-2.257756,53.48339,3,1,126,126.1,manchester
611,90009,-2.258997,53.483294,1,1,127,127.1,manchester
612,90010,-2.259198,53.483305,2,1,127,127.1,manchester
613,90011,-2.260391,53.48331500000001,3,1,127,127.1,manchester
614,90012,-2.261802,53.483277,4,1,127,127.1,manchester
615,90013,-2.262211,53.483288,5,1,127,127.1,manchester
616,90014,-2.262655,53.483288,6,1,127,127.1,manchester
617,90015,-2.262655,53.48332900000001,1,1,128,128.1,manchester
618,90016,-2.262587,53.483328,2,1,128,128.1,manchester
619,90017,-2.26212,53.48334499999999,3,1,128,128.1,manchester
620,90018,-2.261632,53.48335400000001,4,1,128,128.1,manchester
621,90019,-2.260847,53.483364,5,1,128,128.1,manchester
622,90020,-2.259147,53.483376,6,1,128,128.1,manchester
623,90021,-2.2589930000000003,53.483384,7,1,128,128.1,manchester
624,90022,-2.262988,53.483753,1,1,129,129.1,manchester
625,90023,-2.262977,53.48361800000001,2,1,129,129.1,manchester
626,90024,-2.262976,53.48343199999999,3,1,129,129.1,manchester
627,90025,-2.264268,53.483305,1,1,130,130.1,manchester
628,90026,-2.264217,53.483308,2,1,130,130.1,manchester
629,90027,-2.263229,53.48331500000001,3,1,130,130.1,manchester
630,90028,-2.262655,53.48332900000001,4,1,130,130.1,manchester
631,90029,-2.262655,53.483288,1,1,131,131.1,manchester
632,90030,-2.26305,53.483252,2,1,131,131.1,manchester
633,90031,-2.263277,53.483238,3,1,131,131.1,manchester
634,90032,-2.264022,53.483227,4,1,131,131.1,manchester
635,90033,-2.264022,53.483227,1,1,132,132.1,manchester
636,90034,-2.265014,53.483214,2,1,132,132.1,manchester
637,90035,-2.2651830000000004,53.48321,3,1,132,132.1,manchester
638,90036,-2.265906,53.48321,4,1,132,132.1,manchester
639,90037,-2.267016,53.48309,5,1,132,132.1,manchester
640,90038,-2.2676830000000003,53.483074,6,1,132,132.1,manchester
641,90039,-2.268317,53.483099,7,1,132,132.1,manchester
642,90040,-2.269237,53.483285,8,1,132,132.1,manchester
643,90041,-2.27008,53.483614,9,1,132,132.1,manchester
644,90042,-2.270454,53.48374499999999,10,1,132,132.1,manchester
645,90043,-2.264686,53.485564,1,1,133,133.1,manchester
646,90044,-2.264717,53.48465699999999,2,1,133,133.1,manchester
647,90045,-2.264734,53.484201,3,1,133,133.1,manchester
648,90046,-2.264774,53.483507,4,1,133,133.1,manchester
649,90047,-2.264334,53.483226,1,1,134,134.1,manchester
650,90048,-2.264367,53.482998,2,1,134,134.1,manchester
651,90049,-2.264374,53.482629,3,1,134,134.1,manchester
652,90050,-2.264482,53.48235699999999,4,1,134,134.1,manchester
653,90051,-2.265184,53.48113000000001,5,1,134,134.1,manchester
654,90052,-2.26545,53.480763,6,1,134,134.1,manchester
655,90053,-2.266593,53.479812,7,1,134,134.1,manchester
656,90054,-2.267176,53.479436,1,1,135,135.1,manchester
657,90055,-2.266534,53.479944,2,1,135,135.1,manchester
658,90056,-2.265533,53.480836,3,1,135,135.1,manchester
659,90057,-2.264991,53.48163100000001,4,1,135,135.1,manchester
660,90058,-2.264554,53.482437,5,1,135,135.1,manchester
661,90059,-2.264517,53.48271800000001,6,1,135,135.1,manchester
662,90060,-2.264492,53.48305,7,1,135,135.1,manchester
663,90061,-2.264517,53.482629,1,1,136,136.1,manchester
664,90062,-2.264455,53.482673,2,1,136,136.1,manchester
665,90063,-2.264457,53.48271800000001,3,1,136,136.1,manchester
666,90064,-2.264442,53.48305,4,1,136,136.1,manchester
667,90065,-2.271179,53.48036,1,1,137,137.1,manchester
668,90066,-2.2694330000000003,53.480065,2,1,137,137.1,manchester
669,90067,-2.268987,53.47999100000001,3,1,137,137.1,manchester
670,90068,-2.267786,53.479797,4,1,137,137.1,manchester
671,90069,-2.267278,53.479711,5,1,137,137.1,manchester
672,90070,-2.267278,53.479711,1,1,138,138.1,manchester
673,90071,-2.266767,53.479575,2,1,138,138.1,manchester
674,90072,-2.266636,53.47951800000001,3,1,138,138.1,manchester
675,90073,-2.265565,53.479159,4,1,138,138.1,manchester
676,90074,-2.264707,53.47889,5,1,138,138.1,manchester
677,90075,-2.264235,53.478822,6,1,138,138.1,manchester
678,90076,-2.263446,53.478801,7,1,138,138.1,manchester
679,90077,-2.2630790000000003,53.47881999999999,8,1,138,138.1,manchester
680,90078,-2.262474,53.478871,9,1,138,138.1,manchester
681,90079,-2.262396,53.478903,10,1,138,138.1,manchester
682,90080,-2.261773,53.478821,1,1,139,139.1,manchester
683,90081,-2.262294,53.47878000000001,2,1,139,139.1,manchester
684,90082,-2.26242,53.47876700000001,3,1,139,139.1,manchester
685,90083,-2.263402,53.478746,4,1,139,139.1,manchester
686,90084,-2.264206,53.478771,5,1,139,139.1,manchester
687,90085,-2.2647150000000003,53.478846,6,1,139,139.1,manchester
688,90086,-2.26582,53.47916,7,1,139,139.1,manchester
689,90087,-2.26662,53.479468,8,1,139,139.1,manchester
690,90088,-2.262583,53.478766,1,1,140,140.1,manchester
691,90089,-2.263011,53.478774,2,1,140,140.1,manchester
692,90090,-2.263072,53.478782,3,1,140,140.1,manchester
693,90091,-2.263155,53.478791,4,1,140,140.1,manchester
694,90092,-2.263446,53.478801,5,1,140,140.1,manchester
695,90093,-2.261975,53.48121999999999,1,1,141,141.1,manchester
696,90094,-2.26216,53.48113000000001,2,1,141,141.1,manchester
697,90095,-2.262235,53.48104100000001,3,1,141,141.1,manchester
698,90096,-2.262218,53.480209,4,1,141,141.1,manchester
699,90097,-2.262121,53.47979100000001,5,1,141,141.1,manchester
700,90098,-2.26214,53.479601,6,1,141,141.1,manchester
701,90099,-2.262194,53.479380000000006,7,1,141,141.1,manchester
702,90100,-2.262115,53.479108,8,1,141,141.1,manchester
703,90101,-2.262297,53.478899,1,1,142,142.1,manchester
704,90102,-2.26196,53.47890500000001,2,1,142,142.1,manchester
705,90103,-2.261702,53.478895,3,1,142,142.1,manchester
706,90104,-2.261462,53.47885,4,1,142,142.1,manchester
707,90105,-2.261047,53.478701,5,1,142,142.1,manchester
708,90106,-2.26079,53.47863,6,1,142,142.1,manchester
709,90107,-2.260686,53.478614,7,1,142,142.1,manchester
710,90108,-2.260796,53.478528,1,1,143,143.1,manchester
711,90109,-2.260823,53.478548,2,1,143,143.1,manchester
712,90110,-2.261051,53.47865600000001,3,1,143,143.1,manchester
713,90111,-2.261344,53.478748,4,1,143,143.1,manchester
714,90112,-2.261625,53.478816,5,1,143,143.1,manchester
715,90113,-2.261773,53.478821,6,1,143,143.1,manchester
716,90114,-2.260438,53.478516000000006,1,1,144,144.1,manchester
717,90115,-2.260226,53.478621,2,1,144,144.1,manchester
718,90116,-2.259944,53.478798,3,1,144,144.1,manchester
719,90117,-2.2593240000000003,53.479261,4,1,144,144.1,manchester
720,90118,-2.25893,53.479612,5,1,144,144.1,manchester
721,90119,-2.258641,53.480063,6,1,144,144.1,manchester
722,90120,-2.258291,53.480812,7,1,144,144.1,manchester
723,90121,-2.257994,53.481092,8,1,144,144.1,manchester
724,90122,-2.25768,53.481301,9,1,144,144.1,manchester
725,90123,-2.257245,53.481502,10,1,144,144.1,manchester
726,90124,-2.257181,53.481531,11,1,144,144.1,manchester
727,90125,-2.257994,53.481092,1,1,145,145.1,manchester
728,90126,-2.257851,53.481124,2,1,145,145.1,manchester
729,90127,-2.257786,53.481168,3,1,145,145.1,manchester
730,90128,-2.2574970000000003,53.481339,4,1,145,145.1,manchester
731,90129,-2.257154,53.481483,5,1,145,145.1,manchester
732,90130,-2.257103,53.48150500000001,6,1,145,145.1,manchester
733,90131,-2.256888,53.481483,1,1,146,146.1,manchester
734,90132,-2.257346,53.48131400000001,2,1,146,146.1,manchester
735,90133,-2.25776,53.481103,3,1,146,146.1,manchester
736,90134,-2.25805,53.48086800000001,4,1,146,146.1,manchester
737,90135,-2.258251,53.48063000000001,5,1,146,146.1,manchester
738,90136,-2.258366,53.480397,6,1,146,146.1,manchester
739,90137,-2.258409,53.480168000000006,7,1,146,146.1,manchester
740,90138,-2.2587770000000003,53.479436,8,1,146,146.1,manchester
741,90139,-2.25897,53.479237,9,1,146,146.1,manchester
742,90140,-2.259351,53.479034,10,1,146,146.1,manchester
743,90141,-2.259595,53.478919,11,1,146,146.1,manchester
744,90142,-2.259746,53.478795,12,1,146,146.1,manchester
745,90143,-2.260157,53.478530000000006,13,1,146,146.1,manchester
746,90144,-2.260256,53.478478,14,1,146,146.1,manchester
747,90145,-2.256852,53.481452,1,1,147,147.1,manchester
748,90146,-2.257315,53.48129100000001,2,1,147,147.1,manchester
749,90147,-2.257721,53.48108000000001,3,1,147,147.1,manchester
750,90148,-2.258026,53.480826,4,1,147,147.1,manchester
751,90149,-2.25824,53.48052,5,1,147,147.1,manchester
752,90150,-2.258362,53.480176,6,1,147,147.1,manchester
753,90151,-2.2583900000000003,53.480004,7,1,147,147.1,manchester
754,90152,-2.258718,53.479448,8,1,147,147.1,manchester
755,90153,-2.258944,53.47920799999999,9,1,147,147.1,manchester
756,90154,-2.259526,53.478911,10,1,147,147.1,manchester
757,90155,-2.259628,53.478841,11,1,147,147.1,manchester
758,90156,-2.259931,53.478613,12,1,147,147.1,manchester
759,90157,-2.260222,53.478459,13,1,147,147.1,manchester
760,90158,-2.256194,53.480858,1,1,148,148.1,manchester
761,90159,-2.256312,53.480983,2,1,148,148.1,manchester
762,90160,-2.25655,53.48118,3,1,148,148.1,manchester
763,90161,-2.256724,53.481349,4,1,148,148.1,manchester
764,90162,-2.260605,53.47826600000001,1,1,149,149.1,manchester
765,90163,-2.260656,53.478244,2,1,149,149.1,manchester
766,90164,-2.261125,53.478001,3,1,149,149.1,manchester
767,90165,-2.261456,53.47776,4,1,149,149.1,manchester
768,90166,-2.261585,53.477428,5,1,149,149.1,manchester
769,90167,-2.261521,53.476911,6,1,149,149.1,manchester
770,90168,-2.261389,53.476497,7,1,149,149.1,manchester
771,90169,-2.261389,53.476497,1,1,150,150.1,manchester
772,90170,-2.261272,53.476164,2,1,150,150.1,manchester
773,90171,-2.261228,53.47594300000001,3,1,150,150.1,manchester
774,90172,-2.261333,53.475672,4,1,150,150.1,manchester
775,90173,-2.261488,53.475498,5,1,150,150.1,manchester
776,90174,-2.261564,53.475447,6,1,150,150.1,manchester
777,90175,-2.259139,53.477259,1,1,151,151.1,manchester
778,90176,-2.259917,53.476732,2,1,151,151.1,manchester
779,90177,-2.260217,53.476562,3,1,151,151.1,manchester
780,90178,-2.260676,53.476408,4,1,151,151.1,manchester
781,90179,-2.261113,53.476301,5,1,151,151.1,manchester
782,90180,-2.261684,53.47551,1,1,152,152.1,manchester
783,90181,-2.261498,53.475673,2,1,152,152.1,manchester
784,90182,-2.261384,53.47594399999999,3,1,152,152.1,manchester
785,90183,-2.261478,53.476199,4,1,152,152.1,manchester
786,90184,-2.261478,53.476199,1,1,153,153.1,manchester
787,90185,-2.261581,53.476486,2,1,153,153.1,manchester
788,90186,-2.261727,53.477307,3,1,153,153.1,manchester
789,90187,-2.261743,53.477561,4,1,153,153.1,manchester
790,90188,-2.261572,53.477875,5,1,153,153.1,manchester
791,90189,-2.261287,53.478072,6,1,153,153.1,manchester
792,90190,-2.260837,53.47831,7,1,153,153.1,manchester
793,90191,-2.262859,53.47564200000001,1,1,154,154.1,manchester
794,90192,-2.262767,53.475628,2,1,154,154.1,manchester
795,90193,-2.262111,53.475466,3,1,154,154.1,manchester
796,90194,-2.262022,53.47543,4,1,154,154.1,manchester
797,90195,-2.262859,53.475684,1,1,155,155.1,manchester
798,90196,-2.262747,53.475678,2,1,155,155.1,manchester
799,90197,-2.262293,53.47565,3,1,155,155.1,manchester
800,90198,-2.262038,53.475638,4,1,155,155.1,manchester
801,90199,-2.261679,53.475122,1,1,156,156.1,manchester
802,90200,-2.262017,53.475313,2,1,156,156.1,manchester
803,90201,-2.262124,53.47535300000001,3,1,156,156.1,manchester
804,90202,-2.262433,53.475466,4,1,156,156.1,manchester
805,90203,-2.262433,53.475466,1,1,157,157.1,manchester
806,90204,-2.262741,53.47554,2,1,157,157.1,manchester
807,90205,-2.262846,53.475552,3,1,157,157.1,manchester
808,90206,-2.26375,53.475695,4,1,157,157.1,manchester
809,90207,-2.264884,53.475874,5,1,157,157.1,manchester
810,90208,-2.264908,53.476004,1,1,158,158.1,manchester
811,90209,-2.2646,53.47594399999999,2,1,158,158.1,manchester
812,90210,-2.263235,53.475735,3,1,158,158.1,manchester
813,90211,-2.262859,53.475684,4,1,158,158.1,manchester
814,90212,-2.264884,53.475874,1,1,159,159.1,manchester
815,90213,-2.26559,53.475977,2,1,159,159.1,manchester
816,90214,-2.265679,53.475998,3,1,159,159.1,manchester
817,90215,-2.266866,53.476175,4,1,159,159.1,manchester
818,90216,-2.26867,53.476472,5,1,159,159.1,manchester
819,90217,-2.26867,53.476472,1,1,160,160.1,manchester
820,90218,-2.269278,53.476573,2,1,160,160.1,manchester
821,90219,-2.269477,53.476614,3,1,160,160.1,manchester
822,90220,-2.271048,53.47689200000001,4,1,160,160.1,manchester
823,90221,-2.272354,53.47711700000001,5,1,160,160.1,manchester
824,90222,-2.272354,53.47711700000001,1,1,161,161.1,manchester
825,90223,-2.272519,53.477153,2,1,161,161.1,manchester
826,90224,-2.273878,53.477388,3,1,161,161.1,manchester
827,90225,-2.27593,53.47773299999999,4,1,161,161.1,manchester
828,90226,-2.276192,53.477904,1,1,162,162.1,manchester
829,90227,-2.276018,53.477876,2,1,162,162.1,manchester
830,90228,-2.272601,53.477266,3,1,162,162.1,manchester
831,90229,-2.272601,53.477266,1,1,163,163.1,manchester
832,90230,-2.272402,53.477246,2,1,163,163.1,manchester
833,90231,-2.269438,53.476726,3,1,163,163.1,manchester
834,90232,-2.269438,53.476726,1,1,164,164.1,manchester
835,90233,-2.268514,53.47655200000001,2,1,164,164.1,manchester
836,90234,-2.266896,53.476312,3,1,164,164.1,manchester
837,90235,-2.264908,53.476004,4,1,164,164.1,manchester
838,90236,-2.269107,53.476664,1,1,165,165.1,manchester
839,90237,-2.269073,53.476763,2,1,165,165.1,manchester
840,90238,-2.268612,53.477952,3,1,165,165.1,manchester
841,90239,-2.268457,53.478202,4,1,165,165.1,manchester
842,90240,-2.267735,53.478951,5,1,165,165.1,manchester
843,90241,-2.267469,53.47920500000001,6,1,165,165.1,manchester
844,90242,-2.267176,53.479436,7,1,165,165.1,manchester
845,90243,-2.266593,53.479812,1,1,166,166.1,manchester
846,90244,-2.26733,53.479211,2,1,166,166.1,manchester
847,90245,-2.268198,53.478364,3,1,166,166.1,manchester
848,90246,-2.268425,53.478064,4,1,166,166.1,manchester
849,90247,-2.268709,53.477487,5,1,166,166.1,manchester
850,90248,-2.26895,53.476803,6,1,166,166.1,manchester
851,90249,-2.270616,53.472674,1,1,167,167.1,manchester
852,90250,-2.270621,53.47276700000001,2,1,167,167.1,manchester
853,90251,-2.269508,53.474571,3,1,167,167.1,manchester
854,90252,-2.269304,53.474906,4,1,167,167.1,manchester
855,90253,-2.269245,53.47509399999999,5,1,167,167.1,manchester
856,90254,-2.269229,53.475271,6,1,167,167.1,manchester
857,90255,-2.269157,53.476415,7,1,167,167.1,manchester
858,90256,-2.276297,53.46928000000001,1,1,168,168.1,manchester
859,90257,-2.2751490000000003,53.469933,2,1,168,168.1,manchester
860,90258,-2.273391,53.471008,3,1,168,168.1,manchester
861,90259,-2.272161,53.47173100000001,4,1,168,168.1,manchester
862,90260,-2.271045,53.472371,5,1,168,168.1,manchester
863,90261,-2.270576,53.472674,6,1,168,168.1,manchester
864,90262,-2.269324,53.473121,7,1,168,168.1,manchester
865,90263,-2.26876,53.473354,8,1,168,168.1,manchester
866,90264,-2.267837,53.473936,9,1,168,168.1,manchester
867,90265,-2.267094,53.474482,10,1,168,168.1,manchester
868,90266,-2.2661130000000003,53.47522900000001,11,1,168,168.1,manchester
869,90267,-2.265964,53.47534200000001,12,1,168,168.1,manchester
870,90268,-2.265364,53.475838,13,1,168,168.1,manchester
871,90269,-2.26681,53.474699,1,1,169,169.1,manchester
872,90270,-2.266552,53.47496,2,1,169,169.1,manchester
873,90271,-2.266006,53.47535799999999,3,1,169,169.1,manchester
874,90272,-2.265516,53.475747,4,1,169,169.1,manchester
875,90273,-2.2655,53.475838,5,1,169,169.1,manchester
876,90274,-2.262972,53.477776,1,1,170,170.1,manchester
877,90275,-2.2634060000000003,53.477369,2,1,170,170.1,manchester
878,90276,-2.26375,53.47718199999999,3,1,170,170.1,manchester
879,90277,-2.264248,53.476932,4,1,170,170.1,manchester
880,90278,-2.264396,53.47676800000001,5,1,170,170.1,manchester
881,90279,-2.264409,53.47675699999999,6,1,170,170.1,manchester
882,90280,-2.264867,53.476114,7,1,170,170.1,manchester
883,90281,-2.263288,53.477534,1,1,171,171.1,manchester
884,90282,-2.262966,53.477834,2,1,171,171.1,manchester
885,90283,-2.262897,53.477918,3,1,171,171.1,manchester
886,90284,-2.262223,53.478528,4,1,171,171.1,manchester
887,90285,-2.262144,53.478628,5,1,171,171.1,manchester
888,90286,-2.262143,53.478695,6,1,171,171.1,manchester
889,90287,-2.262895,53.474629,1,1,172,172.1,manchester
890,90288,-2.262657,53.474819,2,1,172,172.1,manchester
891,90289,-2.26217,53.475166,3,1,172,172.1,manchester
892,90290,-2.219174,53.47557,1,1,173,173.1,manchester
893,90291,-2.220432,53.47444,2,1,173,173.1,manchester
894,90292,-2.221277,53.47365500000001,3,1,173,173.1,manchester
895,90293,-2.222436,53.473412,4,1,173,173.1,manchester
896,90294,-2.225096,53.473425,5,1,173,173.1,manchester
897,90295,-2.227864,53.47378199999999,6,1,173,173.1,manchester
898,90296,-2.228637,53.473897,7,1,173,173.1,manchester
899,90297,-2.229731,53.47391,8,1,173,173.1,manchester
900,90298,-2.2305040000000003,53.47375699999999,9,1,173,173.1,manchester
901,90299,-2.233701,53.472416,10,1,173,173.1,manchester
902,90300,-2.23546,53.471918,11,1,173,173.1,manchester
903,90301,-2.237327,53.471662,12,1,173,173.1,manchester
904,90302,-2.239097,53.471388,13,1,173,173.1,manchester
905,90303,-2.242091,53.470487,14,1,173,173.1,manchester
906,90304,-2.24385,53.47021899999999,15,1,173,173.1,manchester
907,90305,-2.244741,53.470212,16,1,173,173.1,manchester
908,90306,-2.248496,53.470538,17,1,173,173.1,manchester
909,90307,-2.254622,53.47096,18,1,173,173.1,manchester
910,90308,-2.256655,53.471515,19,1,173,173.1,manchester
911,90309,-2.259732,53.473112,20,1,173,173.1,manchester
912,90310,-2.260705,53.474012,21,1,173,173.1,manchester
913,90311,-2.261483,53.47492800000001,22,1,173,173.1,manchester
914,90312,-2.261679,53.475122,23,1,173,173.1,manchester
915,90313,-2.260678,53.473974,1,1,174,174.1,manchester
916,90314,-2.260782,53.474213,2,1,174,174.1,manchester
917,90315,-2.2610650000000003,53.474547,3,1,174,174.1,manchester
918,90316,-2.261464,53.47509300000001,4,1,174,174.1,manchester
919,90317,-2.26155,53.47517,5,1,174,174.1,manchester
920,90318,-2.2381237,53.4880264,1,1,175,175.1,manchester
921,90319,-2.2380197,53.488175,2,1,175,175.1,manchester
922,90320,-2.237775,53.4885466,3,1,175,175.1,manchester
923,90321,-2.228213,53.49059570000001,1,1,176,176.1,manchester
924,90322,-2.230441,53.489027,2,1,176,176.1,manchester
925,90323,-2.2311741,53.4884924,3,1,176,176.1,manchester
926,90324,-2.2325635,53.4879402,4,1,176,176.1,manchester
927,90325,-2.2159928,53.4728691,1,1,177,177.1,manchester
928,90326,-2.2143137000000004,53.4744049,2,1,177,177.1,manchester
929,90327,-2.21428,53.474575,3,1,177,177.1,manchester
930,90328,-2.2142011000000004,53.47508489999999,4,1,177,177.1,manchester
931,90329,-2.2317374,53.4842248,1,1,178,178.1,manchester
932,90330,-2.23139,53.484038,2,1,178,178.1,manchester
933,90331,-2.2307329,53.4837157,3,1,178,178.1,manchester
934,90332,-2.2228485,53.4815019,1,1,179,179.1,manchester
935,90333,-2.223232,53.48135500000001,2,1,179,179.1,manchester
936,90334,-2.2243291000000003,53.4808092,3,1,179,179.1,manchester
937,90335,-2.2520041,53.48148270000001,1,1,180,180.1,manchester
938,90336,-2.252378,53.481538,2,1,180,180.1,manchester
939,90337,-2.2528169,53.4816695,3,1,180,180.1,manchester
940,90338,-2.2532004,53.48182270000001,4,1,180,180.1,manchester
941,90339,-2.2534458,53.48197510000001,5,1,180,180.1,manchester
