name_tmc,corridor_id_tmc,link_id_tmc,from_node_id_tmc,to_node_id_tmc,category_id_tmc,geometry_tmc,link_id_base,from_node_id_base,to_node_id_base,category_id_base,geometry_base,geometry_tmc_base,distance
115+06136,AZ-303-LOOP_NORTHBOUND,0,100000001,100000002,1,"LINESTRING (-112.41797 33.56693,-112.41787 33.604279999999996)",201172AB,202666,202665,1,"LINESTRING (-112.417959 33.560836, -112.417834 33.578744)","MULTILINESTRING ((-112.41797 33.56693,-112.41787 33.604279999999996), (-112.417959 33.560836, -112.417834 33.578744))",5.353555087057071e-05
115+06136,AZ-303-LOOP_NORTHBOUND,0,100000001,100000002,1,"LINESTRING (-112.41797 33.56693,-112.41787 33.604279999999996)",201186AB,202665,202683,1,"LINESTRING (-112.417834 33.578744, -112.417939 33.582587)","MULTILINESTRING ((-112.41797 33.56693,-112.41787 33.604279999999996), (-112.417834 33.578744, -112.417939 33.582587))",1.0586213289817457e-05
115+06136,AZ-303-LOOP_NORTHBOUND,0,100000001,100000002,1,"LINESTRING (-112.41797 33.56693,-112.41787 33.604279999999996)",201136AB,202683,202682,1,"LINESTRING (-112.417939 33.582587, -112.418151 33.593325)","MULTILINESTRING ((-112.41797 33.56693,-112.41787 33.604279999999996), (-112.417939 33.582587, -112.418151 33.593325))",7.856896912901735e-05
115+06136,AZ-303-LOOP_NORTHBOUND,0,100000001,100000002,1,"LINESTRING (-112.41797 33.56693,-112.41787 33.604279999999996)",201226AB,202640,202636,1,"LINESTRING (-112.417838 33.595242, -112.418154 33.596872)","MULTILINESTRING ((-112.41797 33.56693,-112.41787 33.604279999999996), (-112.417838 33.595242, -112.418154 33.596872))",0.0002473746234810065
115+06136,AZ-303-LOOP_NORTHBOUND,0,100000001,100000002,1,"LINESTRING (-112.41797 33.56693,-112.41787 33.604279999999996)",201215AB,202647,202646,1,"LINESTRING (-112.418211 33.597164, -112.418554 33.607804)","MULTILINESTRING ((-112.41797 33.56693,-112.41787 33.604279999999996), (-112.418211 33.597164, -112.418554 33.607804))",0.0004397643178807965
115+05688,AZ-303-LOOP_NORTHBOUND,1,100000002,100000003,2,"LINESTRING (-112.41787 33.604279999999996,-112.41783999999998 33.61902)",201215AB,202647,202646,2,"LINESTRING (-112.418211 33.597164, -112.418554 33.607804)","MULTILINESTRING ((-112.41787 33.604279999999996,-112.41783999999998 33.61902), (-112.418211 33.597164, -112.418554 33.607804))",0.0005701012167688622
115+05688,AZ-303-LOOP_NORTHBOUND,1,100000002,100000003,2,"LINESTRING (-112.41787 33.604279999999996,-112.41783999999998 33.61902)",201247AB,202646,202626,2,"LINESTRING (-112.418554 33.607804, -112.418168 33.609317)","MULTILINESTRING ((-112.41787 33.604279999999996,-112.41783999999998 33.61902), (-112.418554 33.607804, -112.418168 33.609317))",0.0004495023223473888
115+05688,AZ-303-LOOP_NORTHBOUND,1,100000002,100000003,2,"LINESTRING (-112.41787 33.604279999999996,-112.41783999999998 33.61902)",201246AB,202645,202627,2,"LINESTRING (-112.418063 33.609727, -112.418333 33.611256)","MULTILINESTRING ((-112.41787 33.604279999999996,-112.41783999999998 33.61902), (-112.418063 33.609727, -112.418333 33.611256))",0.000279955746056391
115+05688,AZ-303-LOOP_NORTHBOUND,1,100000002,100000003,2,"LINESTRING (-112.41787 33.604279999999996,-112.41783999999998 33.61902)",201251AB,202627,202713,2,"LINESTRING (-112.418333 33.611256, -112.418402 33.611647)","MULTILINESTRING ((-112.41787 33.604279999999996,-112.41783999999998 33.61902), (-112.418333 33.611256, -112.418402 33.611647))",0.0005391979626873612
115+05688,AZ-303-LOOP_NORTHBOUND,1,100000002,100000003,2,"LINESTRING (-112.41787 33.604279999999996,-112.41783999999998 33.61902)",201115AB,202713,202712,2,"LINESTRING (-112.418402 33.611647, -112.41845 33.622355)","MULTILINESTRING ((-112.41787 33.604279999999996,-112.41783999999998 33.61902), (-112.418402 33.611647, -112.41845 33.622355))",0.000556615251970804
115+05689,AZ-303-LOOP_NORTHBOUND,2,100000003,100000004,3,"LINESTRING (-112.41783999999998 33.61902,-112.4178 33.63382)",201115AB,202713,202712,3,"LINESTRING (-112.418402 33.611647, -112.41845 33.622355)","MULTILINESTRING ((-112.41783999999998 33.61902,-112.4178 33.63382), (-112.418402 33.611647, -112.41845 33.622355))",0.0005950444512337132
115+05689,AZ-303-LOOP_NORTHBOUND,2,100000003,100000004,3,"LINESTRING (-112.41783999999998 33.61902,-112.4178 33.63382)",201310AB,202712,202590,3,"LINESTRING (-112.41845 33.622355, -112.418123 33.623766)","MULTILINESTRING ((-112.41783999999998 33.61902,-112.4178 33.63382), (-112.41845 33.622355, -112.418123 33.623766))",0.00035646820325805327
115+05689,AZ-303-LOOP_NORTHBOUND,2,100000003,100000004,3,"LINESTRING (-112.41783999999998 33.61902,-112.4178 33.63382)",201314AB,202601,202589,3,"LINESTRING (-112.418006 33.624272, -112.418344 33.625838)","MULTILINESTRING ((-112.41783999999998 33.61902,-112.4178 33.63382), (-112.418006 33.624272, -112.418344 33.625838))",0.0003188367640552087
115+05689,AZ-303-LOOP_NORTHBOUND,2,100000003,100000004,3,"LINESTRING (-112.41783999999998 33.61902,-112.4178 33.63382)",201296AB,202600,202599,3,"LINESTRING (-112.418422 33.626198, -112.418247 33.636862)","MULTILINESTRING ((-112.41783999999998 33.61902,-112.4178 33.63382), (-112.418422 33.626198, -112.418247 33.636862))",0.0005982763493505965
115P05689,AZ-303-LOOP_NORTHBOUND,3,100000004,100000005,4,"LINESTRING (-112.4178 33.63382,-112.4178 33.643879999999996)",201296AB,202600,202599,4,"LINESTRING (-112.418422 33.626198, -112.418247 33.636862)","MULTILINESTRING ((-112.4178 33.63382,-112.4178 33.643879999999996), (-112.418422 33.626198, -112.418247 33.636862))",0.0004968533958461564
115P05689,AZ-303-LOOP_NORTHBOUND,3,100000004,100000005,4,"LINESTRING (-112.4178 33.63382,-112.4178 33.643879999999996)",201326AB,202599,202583,4,"LINESTRING (-112.418247 33.636862, -112.417276 33.638481)","MULTILINESTRING ((-112.4178 33.63382,-112.4178 33.643879999999996), (-112.418247 33.636862, -112.417276 33.638481))",0.0003956852744070544
115P05689,AZ-303-LOOP_NORTHBOUND,3,100000004,100000005,4,"LINESTRING (-112.4178 33.63382,-112.4178 33.643879999999996)",201323AB,202599,202612,4,"LINESTRING (-112.418247 33.636862, -112.41824 33.640639)","MULTILINESTRING ((-112.4178 33.63382,-112.4178 33.643879999999996), (-112.418247 33.636862, -112.41824 33.640639))",3.234254646716469e-05
115P05689,AZ-303-LOOP_NORTHBOUND,3,100000004,100000005,4,"LINESTRING (-112.4178 33.63382,-112.4178 33.643879999999996)",201325AB,202602,202584,4,"LINESTRING (-112.417136 33.638814, -112.418026 33.640486)","MULTILINESTRING ((-112.4178 33.63382,-112.4178 33.643879999999996), (-112.417136 33.638814, -112.418026 33.640486))",9.652406791827788e-05
115P05689,AZ-303-LOOP_NORTHBOUND,3,100000004,100000005,4,"LINESTRING (-112.4178 33.63382,-112.4178 33.643879999999996)",201275AB,202612,202611,4,"LINESTRING (-112.41824 33.640639, -112.407114 33.677112)","MULTILINESTRING ((-112.4178 33.63382,-112.4178 33.643879999999996), (-112.41824 33.640639, -112.407114 33.677112))",0.0003557887648623585
115P05689,AZ-303-LOOP_NORTHBOUND,3,100000004,100000005,4,"LINESTRING (-112.4178 33.63382,-112.4178 33.643879999999996)",201277AB,202608,202607,4,"LINESTRING (-112.407417 33.677491, -112.418467 33.640626)","MULTILINESTRING ((-112.4178 33.63382,-112.4178 33.643879999999996), (-112.407417 33.677491, -112.418467 33.640626))",6.5335062081745784e-06
115+05691,AZ-303-LOOP_NORTHBOUND,4,100000005,100000006,5,"LINESTRING (-112.4178 33.643879999999996,-112.40881999999999 33.675259999999994)",201277AB,202608,202607,5,"LINESTRING (-112.407417 33.677491, -112.418467 33.640626)","MULTILINESTRING ((-112.4178 33.643879999999996,-112.40881999999999 33.675259999999994), (-112.407417 33.677491, -112.418467 33.640626))",0.000295377647574013
115P05691,AZ-303-LOOP_NORTHBOUND,5,100000006,100000007,6,"LINESTRING (-112.40881999999999 33.675259999999994,-112.40348999999999 33.68054)",201277AB,202608,202607,6,"LINESTRING (-112.407417 33.677491, -112.418467 33.640626)","MULTILINESTRING ((-112.40881999999999 33.675259999999994,-112.40348999999999 33.68054), (-112.407417 33.677491, -112.418467 33.640626))",0.0007033576874105654
115P05691,AZ-303-LOOP_NORTHBOUND,5,100000006,100000007,6,"LINESTRING (-112.40881999999999 33.675259999999994,-112.40348999999999 33.68054)",201275AB,202612,202611,6,"LINESTRING (-112.41824 33.640639, -112.407114 33.677112)","MULTILINESTRING ((-112.40881999999999 33.675259999999994,-112.40348999999999 33.68054), (-112.41824 33.640639, -112.407114 33.677112))",2.414867414505389e-05
115P05691,AZ-303-LOOP_NORTHBOUND,5,100000006,100000007,6,"LINESTRING (-112.40881999999999 33.675259999999994,-112.40348999999999 33.68054)",201343AB,202611,202580,6,"LINESTRING (-112.407114 33.677112, -112.402696 33.679682)","MULTILINESTRING ((-112.40881999999999 33.675259999999994,-112.40348999999999 33.68054), (-112.407114 33.677112, -112.402696 33.679682))",1.0537792350498956e-05
115P05691,AZ-303-LOOP_NORTHBOUND,5,100000006,100000007,6,"LINESTRING (-112.40881999999999 33.675259999999994,-112.40348999999999 33.68054)",201344AB,202611,202579,6,"LINESTRING (-112.407114 33.677112, -112.405285 33.67892)","MULTILINESTRING ((-112.40881999999999 33.675259999999994,-112.40348999999999 33.68054), (-112.407114 33.677112, -112.405285 33.67892))",0.00011378066389435283
115P05691,AZ-303-LOOP_NORTHBOUND,5,100000006,100000007,6,"LINESTRING (-112.40881999999999 33.675259999999994,-112.40348999999999 33.68054)",201350AB,202576,202579,6,"LINESTRING (-112.403035 33.679927, -112.405285 33.67892)","MULTILINESTRING ((-112.40881999999999 33.675259999999994,-112.40348999999999 33.68054), (-112.403035 33.679927, -112.405285 33.67892))",4.7208477691620613e-05
115P05691,AZ-303-LOOP_NORTHBOUND,5,100000006,100000007,6,"LINESTRING (-112.40881999999999 33.675259999999994,-112.40348999999999 33.68054)",201349AB,202579,202753,6,"LINESTRING (-112.405285 33.67892, -112.403023 33.681234)","MULTILINESTRING ((-112.40881999999999 33.675259999999994,-112.40348999999999 33.68054), (-112.405285 33.67892, -112.403023 33.681234))",0.00012705406428686187
115+11083,AZ-303-LOOP_NORTHBOUND,6,100000007,100000008,7,"LINESTRING (-112.40348999999999 33.68054,-112.34185 33.69836)",201349AB,202579,202753,7,"LINESTRING (-112.405285 33.67892, -112.403023 33.681234)","MULTILINESTRING ((-112.40348999999999 33.68054,-112.34185 33.69836), (-112.405285 33.67892, -112.403023 33.681234))",0.00015117449057691355
115+11083,AZ-303-LOOP_NORTHBOUND,6,100000007,100000008,7,"LINESTRING (-112.40348999999999 33.68054,-112.34185 33.69836)",201086AB,202753,202752,7,"LINESTRING (-112.403023 33.681234, -112.39628 33.687252)","MULTILINESTRING ((-112.40348999999999 33.68054,-112.34185 33.69836), (-112.403023 33.681234, -112.39628 33.687252))",0.002981670575808456
115+11083,AZ-303-LOOP_NORTHBOUND,6,100000007,100000008,7,"LINESTRING (-112.40348999999999 33.68054,-112.34185 33.69836)",201081AB,202762,202761,7,"LINESTRING (-112.381543 33.68683, -112.389691 33.684683)","MULTILINESTRING ((-112.40348999999999 33.68054,-112.34185 33.69836), (-112.381543 33.68683, -112.389691 33.684683))",0.0015808485063369638
115+11083,AZ-303-LOOP_NORTHBOUND,6,100000007,100000008,7,"LINESTRING (-112.40348999999999 33.68054,-112.34185 33.69836)",201081BA,202761,202762,7,"LINESTRING (-112.389691 33.684683, -112.381543 33.68683)","MULTILINESTRING ((-112.40348999999999 33.68054,-112.34185 33.69836), (-112.389691 33.684683, -112.381543 33.68683))",3.2497397561069945e-05
115+11083,AZ-303-LOOP_NORTHBOUND,6,100000007,100000008,7,"LINESTRING (-112.40348999999999 33.68054,-112.34185 33.69836)",201636AB,202763,202762,7,"LINESTRING (-112.357667 33.686277, -112.381543 33.68683)","MULTILINESTRING ((-112.40348999999999 33.68054,-112.34185 33.69836), (-112.357667 33.686277, -112.381543 33.68683))",0.0009005025488783366
115+11083,AZ-303-LOOP_NORTHBOUND,6,100000007,100000008,7,"LINESTRING (-112.40348999999999 33.68054,-112.34185 33.69836)",201634AB,202487,202467,7,"LINESTRING (-112.389369 33.692288, -112.3599 33.696558)","MULTILINESTRING ((-112.40348999999999 33.68054,-112.34185 33.69836), (-112.389369 33.692288, -112.3599 33.696558))",0.004323650919470097
115+11083,AZ-303-LOOP_NORTHBOUND,6,100000007,100000008,7,"LINESTRING (-112.40348999999999 33.68054,-112.34185 33.69836)",201642AB,202467,202748,7,"LINESTRING (-112.3599 33.696558, -112.334078 33.698246)","MULTILINESTRING ((-112.40348999999999 33.68054,-112.34185 33.69836), (-112.3599 33.696558, -112.334078 33.698246))",0.0021315012191805323
115P11083,AZ-303-LOOP_NORTHBOUND,7,100000008,100000009,8,"LINESTRING (-112.34185 33.69836,-112.32862 33.69825)",201644AB,202749,202466,8,"LINESTRING (-112.334077 33.698525, -112.360367 33.696725)","MULTILINESTRING ((-112.34185 33.69836,-112.32862 33.69825), (-112.334077 33.698525, -112.360367 33.696725))",0.00036633710759386486
115P11083,AZ-303-LOOP_NORTHBOUND,7,100000008,100000009,8,"LINESTRING (-112.34185 33.69836,-112.32862 33.69825)",201642AB,202467,202748,8,"LINESTRING (-112.3599 33.696558, -112.334078 33.698246)","MULTILINESTRING ((-112.34185 33.69836,-112.32862 33.69825), (-112.3599 33.696558, -112.334078 33.698246))",0.00013434705287020183
115P11083,AZ-303-LOOP_NORTHBOUND,7,100000008,100000009,8,"LINESTRING (-112.34185 33.69836,-112.32862 33.69825)",201089AB,202748,202747,8,"LINESTRING (-112.334078 33.698246, -112.313302 33.707018)","MULTILINESTRING ((-112.34185 33.69836,-112.32862 33.69825), (-112.334078 33.698246, -112.313302 33.707018))",2.0348756103896804e-05
115+07707,AZ-303-LOOP_NORTHBOUND,8,100000009,100000010,9,"LINESTRING (-112.32862 33.69825,-112.31245 33.70879)",201089AB,202748,202747,9,"LINESTRING (-112.334078 33.698246, -112.313302 33.707018)","MULTILINESTRING ((-112.32862 33.69825,-112.31245 33.70879), (-112.334078 33.698246, -112.313302 33.707018))",0.002119306116320551
115+07707,AZ-303-LOOP_NORTHBOUND,8,100000009,100000010,9,"LINESTRING (-112.32862 33.69825,-112.31245 33.70879)",201088AB,202750,202749,9,"LINESTRING (-112.313608 33.707118, -112.334077 33.698525)","MULTILINESTRING ((-112.32862 33.69825,-112.31245 33.70879), (-112.313608 33.707118, -112.334077 33.698525))",5.563804284204756e-05
115+07707,AZ-303-LOOP_NORTHBOUND,8,100000009,100000010,9,"LINESTRING (-112.32862 33.69825,-112.31245 33.70879)",202406AB,202049,202750,9,"LINESTRING (-112.311977 33.71064, -112.313608 33.707118)","MULTILINESTRING ((-112.32862 33.69825,-112.31245 33.70879), (-112.311977 33.71064, -112.313608 33.707118))",0.0006762019093890205
115P07707,AZ-303-LOOP_NORTHBOUND,9,100000010,100000011,10,"LINESTRING (-112.31245 33.70879,-112.30986999999999 33.71881)",202405AB,202747,202050,10,"LINESTRING (-112.313302 33.707018, -112.311468 33.711408)","MULTILINESTRING ((-112.31245 33.70879,-112.30986999999999 33.71881), (-112.313302 33.707018, -112.311468 33.711408))",0.00010308186251631489
115P07707,AZ-303-LOOP_NORTHBOUND,9,100000010,100000011,10,"LINESTRING (-112.31245 33.70879,-112.30986999999999 33.71881)",202415AB,202042,202049,10,"LINESTRING (-112.311578 33.711822, -112.311977 33.71064)","MULTILINESTRING ((-112.31245 33.70879,-112.30986999999999 33.71881), (-112.311578 33.711822, -112.311977 33.71064))",8.512838016335594e-06
115P07707,AZ-303-LOOP_NORTHBOUND,9,100000010,100000011,10,"LINESTRING (-112.31245 33.70879,-112.30986999999999 33.71881)",202414AB,202062,202042,10,"LINESTRING (-112.310537 33.713978, -112.311578 33.711822)","MULTILINESTRING ((-112.31245 33.70879,-112.30986999999999 33.71881), (-112.310537 33.713978, -112.311578 33.711822))",0.00011934266330244701
115P07707,AZ-303-LOOP_NORTHBOUND,9,100000010,100000011,10,"LINESTRING (-112.31245 33.70879,-112.30986999999999 33.71881)",202419AB,202062,202040,10,"LINESTRING (-112.310537 33.713978, -112.311746 33.71297)","MULTILINESTRING ((-112.31245 33.70879,-112.30986999999999 33.71881), (-112.310537 33.713978, -112.311746 33.71297))",0.00026223608148464976
115P07707,AZ-303-LOOP_NORTHBOUND,9,100000010,100000011,10,"LINESTRING (-112.31245 33.70879,-112.30986999999999 33.71881)",202396AB,202063,202062,10,"LINESTRING (-112.255009 33.769752, -112.310537 33.713978)","MULTILINESTRING ((-112.31245 33.70879,-112.30986999999999 33.71881), (-112.255009 33.769752, -112.310537 33.713978))",0.0008400305631704712
115+11112,AZ-303-LOOP_NORTHBOUND,10,100000011,100000006,11,"LINESTRING (-112.30986999999999 33.71881,-112.40881999999999 33.675259999999994)",202396AB,202063,202062,11,"LINESTRING (-112.255009 33.769752, -112.310537 33.713978)","MULTILINESTRING ((-112.30986999999999 33.71881,-112.40881999999999 33.675259999999994), (-112.255009 33.769752, -112.310537 33.713978))",0.002936498462192417
115+11112,AZ-303-LOOP_NORTHBOUND,10,100000011,100000006,11,"LINESTRING (-112.30986999999999 33.71881,-112.40881999999999 33.675259999999994)",201082AB,202760,202759,11,"LINESTRING (-112.315898 33.715288, -112.337492 33.711459)","MULTILINESTRING ((-112.30986999999999 33.71881,-112.40881999999999 33.675259999999994), (-112.315898 33.715288, -112.337492 33.711459))",0.0001450495236780716
115+11112,AZ-303-LOOP_NORTHBOUND,10,100000011,100000006,11,"LINESTRING (-112.30986999999999 33.71881,-112.40881999999999 33.675259999999994)",201647AB,767,202759,11,"LINESTRING (-112.341724 33.710223, -112.337492 33.711459)","MULTILINESTRING ((-112.30986999999999 33.71881,-112.40881999999999 33.675259999999994), (-112.341724 33.710223, -112.337492 33.711459))",0.0049065003119984334
115+11112,AZ-303-LOOP_NORTHBOUND,10,100000011,100000006,11,"LINESTRING (-112.30986999999999 33.71881,-112.40881999999999 33.675259999999994)",201644AB,202749,202466,11,"LINESTRING (-112.334077 33.698525, -112.360367 33.696725)","MULTILINESTRING ((-112.30986999999999 33.71881,-112.40881999999999 33.675259999999994), (-112.334077 33.698525, -112.360367 33.696725))",0.003908394628839023
115+11112,AZ-303-LOOP_NORTHBOUND,10,100000011,100000006,11,"LINESTRING (-112.30986999999999 33.71881,-112.40881999999999 33.675259999999994)",201634AB,202487,202467,11,"LINESTRING (-112.389369 33.692288, -112.3599 33.696558)","MULTILINESTRING ((-112.30986999999999 33.71881,-112.40881999999999 33.675259999999994), (-112.389369 33.692288, -112.3599 33.696558))",0.002498559484925136
115+11112,AZ-303-LOOP_NORTHBOUND,10,100000011,100000006,11,"LINESTRING (-112.30986999999999 33.71881,-112.40881999999999 33.675259999999994)",201638AB,646,202762,11,"LINESTRING (-112.373623 33.693131, -112.381543 33.68683)","MULTILINESTRING ((-112.30986999999999 33.71881,-112.40881999999999 33.675259999999994), (-112.373623 33.693131, -112.381543 33.68683))",0.0003292658575415656
115+11112,AZ-303-LOOP_NORTHBOUND,10,100000011,100000006,11,"LINESTRING (-112.30986999999999 33.71881,-112.40881999999999 33.675259999999994)",201081BA,202761,202762,11,"LINESTRING (-112.389691 33.684683, -112.381543 33.68683)","MULTILINESTRING ((-112.30986999999999 33.71881,-112.40881999999999 33.675259999999994), (-112.389691 33.684683, -112.381543 33.68683))",0.00027200422671150347
115+11112,AZ-303-LOOP_NORTHBOUND,10,100000011,100000006,11,"LINESTRING (-112.30986999999999 33.71881,-112.40881999999999 33.675259999999994)",201343AB,202611,202580,11,"LINESTRING (-112.407114 33.677112, -112.402696 33.679682)","MULTILINESTRING ((-112.30986999999999 33.71881,-112.40881999999999 33.675259999999994), (-112.407114 33.677112, -112.402696 33.679682))",0.002263695530134586
115P05691,AZ-303-LOOP_NORTHBOUND,11,100000006,100000007,12,"LINESTRING (-112.40881999999999 33.675259999999994,-112.40348999999999 33.68054)",201277AB,202608,202607,12,"LINESTRING (-112.407417 33.677491, -112.418467 33.640626)","MULTILINESTRING ((-112.40881999999999 33.675259999999994,-112.40348999999999 33.68054), (-112.407417 33.677491, -112.418467 33.640626))",0.0007033576874105654
115P05691,AZ-303-LOOP_NORTHBOUND,11,100000006,100000007,12,"LINESTRING (-112.40881999999999 33.675259999999994,-112.40348999999999 33.68054)",201275AB,202612,202611,12,"LINESTRING (-112.41824 33.640639, -112.407114 33.677112)","MULTILINESTRING ((-112.40881999999999 33.675259999999994,-112.40348999999999 33.68054), (-112.41824 33.640639, -112.407114 33.677112))",2.414867414505389e-05
115P05691,AZ-303-LOOP_NORTHBOUND,11,100000006,100000007,12,"LINESTRING (-112.40881999999999 33.675259999999994,-112.40348999999999 33.68054)",201343AB,202611,202580,12,"LINESTRING (-112.407114 33.677112, -112.402696 33.679682)","MULTILINESTRING ((-112.40881999999999 33.675259999999994,-112.40348999999999 33.68054), (-112.407114 33.677112, -112.402696 33.679682))",1.0537792350498956e-05
115P05691,AZ-303-LOOP_NORTHBOUND,11,100000006,100000007,12,"LINESTRING (-112.40881999999999 33.675259999999994,-112.40348999999999 33.68054)",201344AB,202611,202579,12,"LINESTRING (-112.407114 33.677112, -112.405285 33.67892)","MULTILINESTRING ((-112.40881999999999 33.675259999999994,-112.40348999999999 33.68054), (-112.407114 33.677112, -112.405285 33.67892))",0.00011378066389435283
115P05691,AZ-303-LOOP_NORTHBOUND,11,100000006,100000007,12,"LINESTRING (-112.40881999999999 33.675259999999994,-112.40348999999999 33.68054)",201350AB,202576,202579,12,"LINESTRING (-112.403035 33.679927, -112.405285 33.67892)","MULTILINESTRING ((-112.40881999999999 33.675259999999994,-112.40348999999999 33.68054), (-112.403035 33.679927, -112.405285 33.67892))",4.7208477691620613e-05
115P05691,AZ-303-LOOP_NORTHBOUND,11,100000006,100000007,12,"LINESTRING (-112.40881999999999 33.675259999999994,-112.40348999999999 33.68054)",201349AB,202579,202753,12,"LINESTRING (-112.405285 33.67892, -112.403023 33.681234)","MULTILINESTRING ((-112.40881999999999 33.675259999999994,-112.40348999999999 33.68054), (-112.405285 33.67892, -112.403023 33.681234))",0.00012705406428686187
115N05691,AZ-303-LOOP_SOUTHBOUND,12,100000014,100000015,13,"LINESTRING (-112.40443 33.68011,-112.31024 33.71894)",201345AB,202767,202578,13,"LINESTRING (-112.403252 33.68141, -112.405692 33.679114)","MULTILINESTRING ((-112.40443 33.68011,-112.31024 33.71894), (-112.403252 33.68141, -112.405692 33.679114))",0.00013947924246802398
115N05691,AZ-303-LOOP_SOUTHBOUND,12,100000014,100000015,13,"LINESTRING (-112.40443 33.68011,-112.31024 33.71894)",201086AB,202753,202752,13,"LINESTRING (-112.403023 33.681234, -112.39628 33.687252)","MULTILINESTRING ((-112.40443 33.68011,-112.31024 33.71894), (-112.403023 33.681234, -112.39628 33.687252))",0.0032764409304249322
115N05691,AZ-303-LOOP_SOUTHBOUND,12,100000014,100000015,13,"LINESTRING (-112.40443 33.68011,-112.31024 33.71894)",201081AB,202762,202761,13,"LINESTRING (-112.381543 33.68683, -112.389691 33.684683)","MULTILINESTRING ((-112.40443 33.68011,-112.31024 33.71894), (-112.381543 33.68683, -112.389691 33.684683))",0.0020431716154379765
115N05691,AZ-303-LOOP_SOUTHBOUND,12,100000014,100000015,13,"LINESTRING (-112.40443 33.68011,-112.31024 33.71894)",201638AB,646,202762,13,"LINESTRING (-112.373623 33.693131, -112.381543 33.68683)","MULTILINESTRING ((-112.40443 33.68011,-112.31024 33.71894), (-112.373623 33.693131, -112.381543 33.68683))",0.0005139268053202839
115N05691,AZ-303-LOOP_SOUTHBOUND,12,100000014,100000015,13,"LINESTRING (-112.40443 33.68011,-112.31024 33.71894)",201634AB,202487,202467,13,"LINESTRING (-112.389369 33.692288, -112.3599 33.696558)","MULTILINESTRING ((-112.40443 33.68011,-112.31024 33.71894), (-112.389369 33.692288, -112.3599 33.696558))",7.63339173597929e-05
115N05691,AZ-303-LOOP_SOUTHBOUND,12,100000014,100000015,13,"LINESTRING (-112.40443 33.68011,-112.31024 33.71894)",201644AB,202749,202466,13,"LINESTRING (-112.334077 33.698525, -112.360367 33.696725)","MULTILINESTRING ((-112.40443 33.68011,-112.31024 33.71894), (-112.334077 33.698525, -112.360367 33.696725))",0.0025863527682143364
115N05691,AZ-303-LOOP_SOUTHBOUND,12,100000014,100000015,13,"LINESTRING (-112.40443 33.68011,-112.31024 33.71894)",201647AB,767,202759,13,"LINESTRING (-112.341724 33.710223, -112.337492 33.711459)","MULTILINESTRING ((-112.40443 33.68011,-112.31024 33.71894), (-112.341724 33.710223, -112.337492 33.711459))",0.003719106087874473
115N05691,AZ-303-LOOP_SOUTHBOUND,12,100000014,100000015,13,"LINESTRING (-112.40443 33.68011,-112.31024 33.71894)",201082AB,202760,202759,13,"LINESTRING (-112.315898 33.715288, -112.337492 33.711459)","MULTILINESTRING ((-112.40443 33.68011,-112.31024 33.71894), (-112.315898 33.715288, -112.337492 33.711459))",0.0017496585940544591
115N05691,AZ-303-LOOP_SOUTHBOUND,12,100000014,100000015,13,"LINESTRING (-112.40443 33.68011,-112.31024 33.71894)",201082BA,202759,202760,13,"LINESTRING (-112.337492 33.711459, -112.315898 33.715288)","MULTILINESTRING ((-112.40443 33.68011,-112.31024 33.71894), (-112.337492 33.711459, -112.315898 33.715288))",0.0004291970454748602
115N07707,AZ-303-LOOP_SOUTHBOUND,13,100000015,100000016,14,"LINESTRING (-112.31024 33.71894,-112.25596000000002 33.76915)",202396AB,202063,202062,14,"LINESTRING (-112.255009 33.769752, -112.310537 33.713978)","MULTILINESTRING ((-112.31024 33.71894,-112.25596000000002 33.76915), (-112.255009 33.769752, -112.310537 33.713978))",0.003290426072191027
115-07707,AZ-303-LOOP_SOUTHBOUND,14,100000016,100000015,15,"LINESTRING (-112.25596000000002 33.76915,-112.31024 33.71894)",202396AB,202063,202062,15,"LINESTRING (-112.255009 33.769752, -112.310537 33.713978)","MULTILINESTRING ((-112.25596000000002 33.76915,-112.31024 33.71894), (-112.255009 33.769752, -112.310537 33.713978))",0.0002492067631403598
115N07707,AZ-303-LOOP_SOUTHBOUND,15,100000015,100000018,16,"LINESTRING (-112.31024 33.71894,-112.31278999999999 33.70901)",202396AB,202063,202062,16,"LINESTRING (-112.255009 33.769752, -112.310537 33.713978)","MULTILINESTRING ((-112.31024 33.71894,-112.31278999999999 33.70901), (-112.255009 33.769752, -112.310537 33.713978))",0.003290426072191027
115N07707,AZ-303-LOOP_SOUTHBOUND,15,100000015,100000018,16,"LINESTRING (-112.31024 33.71894,-112.31278999999999 33.70901)",202419AB,202062,202040,16,"LINESTRING (-112.310537 33.713978, -112.311746 33.71297)","MULTILINESTRING ((-112.31024 33.71894,-112.31278999999999 33.70901), (-112.310537 33.713978, -112.311746 33.71297))",0.0006239794674231746
115N07707,AZ-303-LOOP_SOUTHBOUND,15,100000015,100000018,16,"LINESTRING (-112.31024 33.71894,-112.31278999999999 33.70901)",202421AB,202040,202038,16,"LINESTRING (-112.311746 33.71297, -112.311816 33.712882)","MULTILINESTRING ((-112.31024 33.71894,-112.31278999999999 33.70901), (-112.311746 33.71297, -112.311816 33.712882))",2.625270809057539e-05
115N07707,AZ-303-LOOP_SOUTHBOUND,15,100000015,100000018,16,"LINESTRING (-112.31024 33.71894,-112.31278999999999 33.70901)",202411AB,202048,202045,16,"LINESTRING (-112.311885 33.712827, -112.311602 33.711893)","MULTILINESTRING ((-112.31024 33.71894,-112.31278999999999 33.70901), (-112.311885 33.712827, -112.311602 33.711893))",0.0003769869884319625
115N07707,AZ-303-LOOP_SOUTHBOUND,15,100000015,100000018,16,"LINESTRING (-112.31024 33.71894,-112.31278999999999 33.70901)",202415AB,202042,202049,16,"LINESTRING (-112.311578 33.711822, -112.311977 33.71064)","MULTILINESTRING ((-112.31024 33.71894,-112.31278999999999 33.70901), (-112.311578 33.711822, -112.311977 33.71064))",0.0004009450517232311
115N07707,AZ-303-LOOP_SOUTHBOUND,15,100000015,100000018,16,"LINESTRING (-112.31024 33.71894,-112.31278999999999 33.70901)",202406AB,202049,202750,16,"LINESTRING (-112.311977 33.71064, -112.313608 33.707118)","MULTILINESTRING ((-112.31024 33.71894,-112.31278999999999 33.70901), (-112.311977 33.71064, -112.313608 33.707118))",0.0002386633924084319
115-11083,AZ-303-LOOP_SOUTHBOUND,16,100000018,100000019,17,"LINESTRING (-112.31278999999999 33.70901,-112.32816000000001 33.69855)",202406AB,202049,202750,17,"LINESTRING (-112.311977 33.71064, -112.313608 33.707118)","MULTILINESTRING ((-112.31278999999999 33.70901,-112.32816000000001 33.69855), (-112.311977 33.71064, -112.313608 33.707118))",5.277998195987724e-05
115-11083,AZ-303-LOOP_SOUTHBOUND,16,100000018,100000019,17,"LINESTRING (-112.31278999999999 33.70901,-112.32816000000001 33.69855)",201088AB,202750,202749,17,"LINESTRING (-112.313608 33.707118, -112.334077 33.698525)","MULTILINESTRING ((-112.31278999999999 33.70901,-112.32816000000001 33.69855), (-112.313608 33.707118, -112.334077 33.698525))",0.0006888434389048833
115-11083,AZ-303-LOOP_SOUTHBOUND,16,100000018,100000019,17,"LINESTRING (-112.31278999999999 33.70901,-112.32816000000001 33.69855)",201089AB,202748,202747,17,"LINESTRING (-112.334078 33.698246, -112.313302 33.707018)","MULTILINESTRING ((-112.31278999999999 33.70901,-112.32816000000001 33.69855), (-112.334078 33.698246, -112.313302 33.707018))",0.00019293822642460365
115N11083,AZ-303-LOOP_SOUTHBOUND,17,100000019,100000020,18,"LINESTRING (-112.32816000000001 33.69855,-112.34163000000001 33.69853)",201089AB,202748,202747,18,"LINESTRING (-112.334078 33.698246, -112.313302 33.707018)","MULTILINESTRING ((-112.32816000000001 33.69855,-112.34163000000001 33.69853), (-112.334078 33.698246, -112.313302 33.707018))",0.002021856422436886
115N11083,AZ-303-LOOP_SOUTHBOUND,17,100000019,100000020,18,"LINESTRING (-112.32816000000001 33.69855,-112.34163000000001 33.69853)",201644AB,202749,202466,18,"LINESTRING (-112.334077 33.698525, -112.360367 33.696725)","MULTILINESTRING ((-112.32816000000001 33.69855,-112.34163000000001 33.69853), (-112.334077 33.698525, -112.360367 33.696725))",7.084023966174876e-05
115-05691,AZ-303-LOOP_SOUTHBOUND,18,100000020,100000014,19,"LINESTRING (-112.34163000000001 33.69853,-112.40443 33.68011)",201644AB,202749,202466,19,"LINESTRING (-112.334077 33.698525, -112.360367 33.696725)","MULTILINESTRING ((-112.34163000000001 33.69853,-112.40443 33.68011), (-112.334077 33.698525, -112.360367 33.696725))",0.0005209124648802423
115-05691,AZ-303-LOOP_SOUTHBOUND,18,100000020,100000014,19,"LINESTRING (-112.34163000000001 33.69853,-112.40443 33.68011)",201642AB,202467,202748,19,"LINESTRING (-112.3599 33.696558, -112.334078 33.698246)","MULTILINESTRING ((-112.34163000000001 33.69853,-112.40443 33.68011), (-112.3599 33.696558, -112.334078 33.698246))",0.0006524011917381859
115-05691,AZ-303-LOOP_SOUTHBOUND,18,100000020,100000014,19,"LINESTRING (-112.34163000000001 33.69853,-112.40443 33.68011)",201634AB,202487,202467,19,"LINESTRING (-112.389369 33.692288, -112.3599 33.696558)","MULTILINESTRING ((-112.34163000000001 33.69853,-112.40443 33.68011), (-112.389369 33.692288, -112.3599 33.696558))",0.003435530231505589
115-05691,AZ-303-LOOP_SOUTHBOUND,18,100000020,100000014,19,"LINESTRING (-112.34163000000001 33.69853,-112.40443 33.68011)",201636AB,202763,202762,19,"LINESTRING (-112.357667 33.686277, -112.381543 33.68683)","MULTILINESTRING ((-112.34163000000001 33.69853,-112.40443 33.68011), (-112.357667 33.686277, -112.381543 33.68683))",0.0026864519591282025
115-05691,AZ-303-LOOP_SOUTHBOUND,18,100000020,100000014,19,"LINESTRING (-112.34163000000001 33.69853,-112.40443 33.68011)",201081AB,202762,202761,19,"LINESTRING (-112.381543 33.68683, -112.389691 33.684683)","MULTILINESTRING ((-112.34163000000001 33.69853,-112.40443 33.68011), (-112.381543 33.68683, -112.389691 33.684683))",0.00012340233606702734
115-05691,AZ-303-LOOP_SOUTHBOUND,18,100000020,100000014,19,"LINESTRING (-112.34163000000001 33.69853,-112.40443 33.68011)",201086AB,202753,202752,19,"LINESTRING (-112.403023 33.681234, -112.39628 33.687252)","MULTILINESTRING ((-112.34163000000001 33.69853,-112.40443 33.68011), (-112.403023 33.681234, -112.39628 33.687252))",0.0027090507315112537
115N05691,AZ-303-LOOP_SOUTHBOUND,19,100000014,100000022,20,"LINESTRING (-112.40443 33.68011,-112.40823 33.67649)",201345AB,202767,202578,20,"LINESTRING (-112.403252 33.68141, -112.405692 33.679114)","MULTILINESTRING ((-112.40443 33.68011,-112.40823 33.67649), (-112.403252 33.68141, -112.405692 33.679114))",0.00013947924246802398
115N05691,AZ-303-LOOP_SOUTHBOUND,19,100000014,100000022,20,"LINESTRING (-112.40443 33.68011,-112.40823 33.67649)",201348AB,202578,202608,20,"LINESTRING (-112.405692 33.679114, -112.407417 33.677491)","MULTILINESTRING ((-112.40443 33.68011,-112.40823 33.67649), (-112.405692 33.679114, -112.407417 33.677491))",0.00015240330614569689
115N05691,AZ-303-LOOP_SOUTHBOUND,19,100000014,100000022,20,"LINESTRING (-112.40443 33.68011,-112.40823 33.67649)",201277AB,202608,202607,20,"LINESTRING (-112.407417 33.677491, -112.418467 33.640626)","MULTILINESTRING ((-112.40443 33.68011,-112.40823 33.67649), (-112.407417 33.677491, -112.418467 33.640626))",2.8764238877945695e-05
115-05689,AZ-303-LOOP_SOUTHBOUND,20,100000022,100000023,21,"LINESTRING (-112.40823 33.67649,-112.41819 33.64437)",201277AB,202608,202607,21,"LINESTRING (-112.407417 33.677491, -112.418467 33.640626)","MULTILINESTRING ((-112.40823 33.67649,-112.41819 33.64437), (-112.407417 33.677491, -112.418467 33.640626))",0.0004913594485506065
115N05689,AZ-303-LOOP_SOUTHBOUND,21,100000023,100000024,22,"LINESTRING (-112.41819 33.64437,-112.41821000000002 33.63387)",201277AB,202608,202607,22,"LINESTRING (-112.407417 33.677491, -112.418467 33.640626)","MULTILINESTRING ((-112.41819 33.64437,-112.41821000000002 33.63387), (-112.407417 33.677491, -112.418467 33.640626))",0.0008096458770463042
115N05689,AZ-303-LOOP_SOUTHBOUND,21,100000023,100000024,22,"LINESTRING (-112.41819 33.64437,-112.41821000000002 33.63387)",201323AB,202599,202612,22,"LINESTRING (-112.418247 33.636862, -112.41824 33.640639)","MULTILINESTRING ((-112.41819 33.64437,-112.41821000000002 33.63387), (-112.418247 33.636862, -112.41824 33.640639))",4.2869134735926266e-05
115N05689,AZ-303-LOOP_SOUTHBOUND,21,100000023,100000024,22,"LINESTRING (-112.41819 33.64437,-112.41821000000002 33.63387)",201296AB,202600,202599,22,"LINESTRING (-112.418422 33.626198, -112.418247 33.636862)","MULTILINESTRING ((-112.41819 33.64437,-112.41821000000002 33.63387), (-112.418422 33.626198, -112.418247 33.636862))",5.563054435202768e-05
115-05688,AZ-303-LOOP_SOUTHBOUND,22,100000024,100000025,23,"LINESTRING (-112.41821000000002 33.63387,-112.41825 33.622679999999995)",201296AB,202600,202599,23,"LINESTRING (-112.418422 33.626198, -112.418247 33.636862)","MULTILINESTRING ((-112.41821000000002 33.63387,-112.41825 33.622679999999995), (-112.418422 33.626198, -112.418247 33.636862))",8.608818394544315e-05
115-05688,AZ-303-LOOP_SOUTHBOUND,22,100000024,100000025,23,"LINESTRING (-112.41821000000002 33.63387,-112.41825 33.622679999999995)",201313AB,202589,202600,23,"LINESTRING (-112.418344 33.625838, -112.418422 33.626198)","MULTILINESTRING ((-112.41821000000002 33.63387,-112.41825 33.622679999999995), (-112.418344 33.625838, -112.418422 33.626198))",0.00014573516889912009
115-05688,AZ-303-LOOP_SOUTHBOUND,22,100000024,100000025,23,"LINESTRING (-112.41821000000002 33.63387,-112.41825 33.622679999999995)",201314AB,202601,202589,23,"LINESTRING (-112.418006 33.624272, -112.418344 33.625838)","MULTILINESTRING ((-112.41821000000002 33.63387,-112.41825 33.622679999999995), (-112.418006 33.624272, -112.418344 33.625838))",9.439589611966749e-05
115-05688,AZ-303-LOOP_SOUTHBOUND,22,100000024,100000025,23,"LINESTRING (-112.41821000000002 33.63387,-112.41825 33.622679999999995)",201312AB,202590,202591,23,"LINESTRING (-112.418123 33.623766, -112.418074 33.623978)","MULTILINESTRING ((-112.41821000000002 33.63387,-112.41825 33.622679999999995), (-112.418123 33.623766, -112.418074 33.623978))",0.00012727202239375712
115-06136,AZ-303-LOOP_SOUTHBOUND,23,100000025,100000026,24,"LINESTRING (-112.41825 33.622679999999995,-112.41826999999999 33.6045)",201310AB,202712,202590,24,"LINESTRING (-112.41845 33.622355, -112.418123 33.623766)","MULTILINESTRING ((-112.41825 33.622679999999995,-112.41826999999999 33.6045), (-112.41845 33.622355, -112.418123 33.623766))",0.00012146197641828258
115-06136,AZ-303-LOOP_SOUTHBOUND,23,100000025,100000026,24,"LINESTRING (-112.41825 33.622679999999995,-112.41826999999999 33.6045)",201115AB,202713,202712,24,"LINESTRING (-112.418402 33.611647, -112.41845 33.622355)","MULTILINESTRING ((-112.41825 33.622679999999995,-112.41826999999999 33.6045), (-112.418402 33.611647, -112.41845 33.622355))",0.00019130551167122003
115-06136,AZ-303-LOOP_SOUTHBOUND,23,100000025,100000026,24,"LINESTRING (-112.41825 33.622679999999995,-112.41826999999999 33.6045)",201246AB,202645,202627,24,"LINESTRING (-112.418063 33.609727, -112.418333 33.611256)","MULTILINESTRING ((-112.41825 33.622679999999995,-112.41826999999999 33.6045), (-112.418063 33.609727, -112.418333 33.611256))",0.00015846329279927876
115-06136,AZ-303-LOOP_SOUTHBOUND,23,100000025,100000026,24,"LINESTRING (-112.41825 33.622679999999995,-112.41826999999999 33.6045)",201247AB,202646,202626,24,"LINESTRING (-112.418554 33.607804, -112.418168 33.609317)","MULTILINESTRING ((-112.41825 33.622679999999995,-112.41826999999999 33.6045), (-112.418554 33.607804, -112.418168 33.609317))",0.00019698968676937583
115-06136,AZ-303-LOOP_SOUTHBOUND,23,100000025,100000026,24,"LINESTRING (-112.41825 33.622679999999995,-112.41826999999999 33.6045)",201215AB,202647,202646,24,"LINESTRING (-112.418211 33.597164, -112.418554 33.607804)","MULTILINESTRING ((-112.41825 33.622679999999995,-112.41826999999999 33.6045), (-112.418211 33.597164, -112.418554 33.607804))",0.00023797243260225185
115-06135,AZ-303-LOOP_SOUTHBOUND,24,100000026,100000027,25,"LINESTRING (-112.41826999999999 33.6045,-112.41836 33.56625)",201215AB,202647,202646,25,"LINESTRING (-112.418211 33.597164, -112.418554 33.607804)","MULTILINESTRING ((-112.41826999999999 33.6045,-112.41836 33.56625), (-112.418211 33.597164, -112.418554 33.607804))",0.00017739732073847374
115-06135,AZ-303-LOOP_SOUTHBOUND,24,100000026,100000027,25,"LINESTRING (-112.41826999999999 33.6045,-112.41836 33.56625)",201223AB,202682,202647,25,"LINESTRING (-112.418151 33.593325, -112.418211 33.597164)","MULTILINESTRING ((-112.41826999999999 33.6045,-112.41836 33.56625), (-112.418151 33.593325, -112.418211 33.597164))",8.189752613794753e-05
115-06135,AZ-303-LOOP_SOUTHBOUND,24,100000026,100000027,25,"LINESTRING (-112.41826999999999 33.6045,-112.41836 33.56625)",201137AB,202681,202680,25,"LINESTRING (-112.418374 33.59332, -112.418079 33.582586)","MULTILINESTRING ((-112.41826999999999 33.6045,-112.41836 33.56625), (-112.418374 33.59332, -112.418079 33.582586))",6.886658167890718e-05
115-06135,AZ-303-LOOP_SOUTHBOUND,24,100000026,100000027,25,"LINESTRING (-112.41826999999999 33.6045,-112.41836 33.56625)",201193AB,202680,202655,25,"LINESTRING (-112.418079 33.582586, -112.418399 33.581008)","MULTILINESTRING ((-112.41826999999999 33.6045,-112.41836 33.56625), (-112.418079 33.582586, -112.418399 33.581008))",3.4214857063059284e-05
115-06135,AZ-303-LOOP_SOUTHBOUND,24,100000026,100000027,25,"LINESTRING (-112.41826999999999 33.6045,-112.41836 33.56625)",201173AB,202664,202663,25,"LINESTRING (-112.418085 33.578743, -112.418238 33.560848)","MULTILINESTRING ((-112.41826999999999 33.6045,-112.41836 33.56625), (-112.418085 33.578743, -112.418238 33.560848))",0.00023928748215640058
115-05939,US-60_EASTBOUND,25,100000028,100000029,26,"LINESTRING (-112.72771000000002 33.970929999999996,-112.63344 33.863620000000004)",179442BA,213388,5115,26,"LINESTRING (-112.729998 33.968915, -112.751635 34.009054)","MULTILINESTRING ((-112.72771000000002 33.970929999999996,-112.63344 33.863620000000004), (-112.729998 33.968915, -112.751635 34.009054))",0.0029701440941227227
115-05939,US-60_EASTBOUND,25,100000028,100000029,26,"LINESTRING (-112.72771000000002 33.970929999999996,-112.63344 33.863620000000004)",200777AB,213388,202945,26,"LINESTRING (-112.729998 33.968915, -112.633263 33.86371)","MULTILINESTRING ((-112.72771000000002 33.970929999999996,-112.63344 33.863620000000004), (-112.729998 33.968915, -112.633263 33.86371))",0.002724166532388759
115-05939,US-60_EASTBOUND,25,100000028,100000029,26,"LINESTRING (-112.72771000000002 33.970929999999996,-112.63344 33.863620000000004)",200777BA,202945,213388,26,"LINESTRING (-112.633263 33.86371, -112.729998 33.968915)","MULTILINESTRING ((-112.72771000000002 33.970929999999996,-112.63344 33.863620000000004), (-112.633263 33.86371, -112.729998 33.968915))",0.0007805824009764303
115-05206,US-60_EASTBOUND,26,100000029,100000030,27,"LINESTRING (-112.63344 33.863620000000004,-112.62343 33.85447)",200777AB,213388,202945,27,"LINESTRING (-112.729998 33.968915, -112.633263 33.86371)","MULTILINESTRING ((-112.63344 33.863620000000004,-112.62343 33.85447), (-112.729998 33.968915, -112.633263 33.86371))",0.0001912096647321342
115-05206,US-60_EASTBOUND,26,100000029,100000030,27,"LINESTRING (-112.63344 33.863620000000004,-112.62343 33.85447)",201029AB,202816,202945,27,"LINESTRING (-112.622164 33.853221, -112.633263 33.86371)","MULTILINESTRING ((-112.63344 33.863620000000004,-112.62343 33.85447), (-112.622164 33.853221, -112.633263 33.86371))",0.00016446468830875948
115-05206,US-60_EASTBOUND,26,100000029,100000030,27,"LINESTRING (-112.63344 33.863620000000004,-112.62343 33.85447)",201029BA,202945,202816,27,"LINESTRING (-112.633263 33.86371, -112.622164 33.853221)","MULTILINESTRING ((-112.63344 33.863620000000004,-112.62343 33.85447), (-112.633263 33.86371, -112.622164 33.853221))",0.00011942488302560306
115-05205,US-60_EASTBOUND,27,100000030,100000031,28,"LINESTRING (-112.62343 33.85447,-112.52945 33.77836)",201029AB,202816,202945,28,"LINESTRING (-112.622164 33.853221, -112.633263 33.86371)","MULTILINESTRING ((-112.62343 33.85447,-112.52945 33.77836), (-112.622164 33.853221, -112.633263 33.86371))",3.821443550275791e-05
115-05205,US-60_EASTBOUND,27,100000030,100000031,28,"LINESTRING (-112.62343 33.85447,-112.52945 33.77836)",201023AB,202816,202918,28,"LINESTRING (-112.622164 33.853221, -112.587407 33.823689)","MULTILINESTRING ((-112.62343 33.85447,-112.52945 33.77836), (-112.622164 33.853221, -112.587407 33.823689))",0.0004172456555262734
115-05205,US-60_EASTBOUND,27,100000030,100000031,28,"LINESTRING (-112.62343 33.85447,-112.52945 33.77836)",201023BA,202918,202816,28,"LINESTRING (-112.587407 33.823689, -112.622164 33.853221)","MULTILINESTRING ((-112.62343 33.85447,-112.52945 33.77836), (-112.587407 33.823689, -112.622164 33.853221))",0.0007024127610496345
115-05205,US-60_EASTBOUND,27,100000030,100000031,28,"LINESTRING (-112.62343 33.85447,-112.52945 33.77836)",200824AB,202919,202918,28,"LINESTRING (-112.568235 33.808901, -112.587407 33.823689)","MULTILINESTRING ((-112.62343 33.85447,-112.52945 33.77836), (-112.568235 33.808901, -112.587407 33.823689))",0.001225119260657819
115-05205,US-60_EASTBOUND,27,100000030,100000031,28,"LINESTRING (-112.62343 33.85447,-112.52945 33.77836)",200824BA,202918,202919,28,"LINESTRING (-112.587407 33.823689, -112.568235 33.808901)","MULTILINESTRING ((-112.62343 33.85447,-112.52945 33.77836), (-112.587407 33.823689, -112.568235 33.808901))",0.0009384724376373678
115-05205,US-60_EASTBOUND,27,100000030,100000031,28,"LINESTRING (-112.62343 33.85447,-112.52945 33.77836)",200973AB,202919,202837,28,"LINESTRING (-112.568235 33.808901, -112.550619 33.795236)","MULTILINESTRING ((-112.62343 33.85447,-112.52945 33.77836), (-112.568235 33.808901, -112.550619 33.795236))",0.0006545754442461476
115-05205,US-60_EASTBOUND,27,100000030,100000031,28,"LINESTRING (-112.62343 33.85447,-112.52945 33.77836)",200974BA,202837,202835,28,"LINESTRING (-112.550619 33.795236, -112.533347 33.781676)","MULTILINESTRING ((-112.62343 33.85447,-112.52945 33.77836), (-112.550619 33.795236, -112.533347 33.781676))",0.00016439727900780562
115-05204,US-60_EASTBOUND,28,100000031,100000032,29,"LINESTRING (-112.52945 33.77836,-112.50065 33.7559)",200982AB,202835,202845,29,"LINESTRING (-112.533347 33.781676, -112.529286 33.778514)","MULTILINESTRING ((-112.52945 33.77836,-112.50065 33.7559), (-112.533347 33.781676, -112.529286 33.778514))",2.8492966586740687e-06
115-05204,US-60_EASTBOUND,28,100000031,100000032,29,"LINESTRING (-112.52945 33.77836,-112.50065 33.7559)",200955BA,202844,202845,29,"LINESTRING (-112.513857 33.766548, -112.529286 33.778514)","MULTILINESTRING ((-112.52945 33.77836,-112.50065 33.7559), (-112.513857 33.766548, -112.529286 33.778514))",0.00023200324542384725
115-05204,US-60_EASTBOUND,28,100000031,100000032,29,"LINESTRING (-112.52945 33.77836,-112.50065 33.7559)",200955AB,202845,202844,29,"LINESTRING (-112.529286 33.778514, -112.513857 33.766548)","MULTILINESTRING ((-112.52945 33.77836,-112.50065 33.7559), (-112.529286 33.778514, -112.513857 33.766548))",0.00025161406151919295
115-05204,US-60_EASTBOUND,28,100000031,100000032,29,"LINESTRING (-112.52945 33.77836,-112.50065 33.7559)",201011AB,202844,202819,29,"LINESTRING (-112.513857 33.766548, -112.500389 33.756041)","MULTILINESTRING ((-112.52945 33.77836,-112.50065 33.7559), (-112.513857 33.766548, -112.500389 33.756041))",0.00027429624842929004
115-05204,US-60_EASTBOUND,28,100000031,100000032,29,"LINESTRING (-112.52945 33.77836,-112.50065 33.7559)",201011BA,202819,202844,29,"LINESTRING (-112.500389 33.756041, -112.513857 33.766548)","MULTILINESTRING ((-112.52945 33.77836,-112.50065 33.7559), (-112.500389 33.756041, -112.513857 33.766548))",0.00027300457281891126
115-05203,US-60_EASTBOUND,29,100000032,100000033,30,"LINESTRING (-112.50065 33.7559,-112.48087 33.74046)",201011BA,202819,202844,30,"LINESTRING (-112.500389 33.756041, -112.513857 33.766548)","MULTILINESTRING ((-112.50065 33.7559,-112.48087 33.74046), (-112.500389 33.756041, -112.513857 33.766548))",0.0002717128972172737
115-05203,US-60_EASTBOUND,29,100000032,100000033,30,"LINESTRING (-112.50065 33.7559,-112.48087 33.74046)",201015AB,202846,202819,30,"LINESTRING (-112.497595 33.753881, -112.500389 33.756041)","MULTILINESTRING ((-112.50065 33.7559,-112.48087 33.74046), (-112.497595 33.753881, -112.500389 33.756041))",0.000282924598357955
115-05203,US-60_EASTBOUND,29,100000032,100000033,30,"LINESTRING (-112.50065 33.7559,-112.48087 33.74046)",200953BA,202846,202926,30,"LINESTRING (-112.497595 33.753881, -112.480687 33.740538)","MULTILINESTRING ((-112.50065 33.7559,-112.48087 33.74046), (-112.497595 33.753881, -112.480687 33.740538))",0.00028101072201559547
115-05203,US-60_EASTBOUND,29,100000032,100000033,30,"LINESTRING (-112.50065 33.7559,-112.48087 33.74046)",200953AB,202926,202846,30,"LINESTRING (-112.480687 33.740538, -112.497595 33.753881)","MULTILINESTRING ((-112.50065 33.7559,-112.48087 33.74046), (-112.480687 33.740538, -112.497595 33.753881))",0.0002677089981069296
115-05202,US-60_EASTBOUND,30,100000033,100000034,31,"LINESTRING (-112.48087 33.74046,-112.46274 33.7263)",200953BA,202846,202926,31,"LINESTRING (-112.497595 33.753881, -112.480687 33.740538)","MULTILINESTRING ((-112.48087 33.74046,-112.46274 33.7263), (-112.497595 33.753881, -112.480687 33.740538))",2.8880033283968668e-05
115-05202,US-60_EASTBOUND,30,100000033,100000034,31,"LINESTRING (-112.48087 33.74046,-112.46274 33.7263)",201003BA,202923,202926,31,"LINESTRING (-112.460994 33.72531, -112.480687 33.740538)","MULTILINESTRING ((-112.48087 33.74046,-112.46274 33.7263), (-112.460994 33.72531, -112.480687 33.740538))",0.0001847722570502648
115-05202,US-60_EASTBOUND,30,100000033,100000034,31,"LINESTRING (-112.48087 33.74046,-112.46274 33.7263)",201003AB,202926,202923,31,"LINESTRING (-112.480687 33.740538, -112.460994 33.72531)","MULTILINESTRING ((-112.48087 33.74046,-112.46274 33.7263), (-112.480687 33.740538, -112.460994 33.72531))",0.0002292689418440588
115-05201,US-60_EASTBOUND,31,100000034,100000035,32,"LINESTRING (-112.46274 33.7263,-112.44641999999999 33.71355)",201003BA,202923,202926,32,"LINESTRING (-112.460994 33.72531, -112.480687 33.740538)","MULTILINESTRING ((-112.46274 33.7263,-112.44641999999999 33.71355), (-112.460994 33.72531, -112.480687 33.740538))",0.00028488979784014
115-05201,US-60_EASTBOUND,31,100000034,100000035,32,"LINESTRING (-112.46274 33.7263,-112.44641999999999 33.71355)",200821BA,202923,202925,32,"LINESTRING (-112.460994 33.72531, -112.446316 33.713652)","MULTILINESTRING ((-112.46274 33.7263,-112.44641999999999 33.71355), (-112.460994 33.72531, -112.446316 33.713652))",1.2635699648434945e-05
115-05201,US-60_EASTBOUND,31,100000034,100000035,32,"LINESTRING (-112.46274 33.7263,-112.44641999999999 33.71355)",200821AB,202925,202923,32,"LINESTRING (-112.446316 33.713652, -112.460994 33.72531)","MULTILINESTRING ((-112.46274 33.7263,-112.44641999999999 33.71355), (-112.446316 33.713652, -112.460994 33.72531))",0.00027746074222993733
115-04406,US-60_EASTBOUND,32,100000035,100000036,33,"LINESTRING (-112.44641999999999 33.71355,-112.40231999999999 33.67918)",200821AB,202925,202923,33,"LINESTRING (-112.446316 33.713652, -112.460994 33.72531)","MULTILINESTRING ((-112.44641999999999 33.71355,-112.40231999999999 33.67918), (-112.446316 33.713652, -112.460994 33.72531))",8.689754698801907e-05
115-04406,US-60_EASTBOUND,32,100000035,100000036,33,"LINESTRING (-112.44641999999999 33.71355,-112.40231999999999 33.67918)",201595AB,202925,202796,33,"LINESTRING (-112.446316 33.713652, -112.423245 33.695797)","MULTILINESTRING ((-112.44641999999999 33.71355,-112.40231999999999 33.67918), (-112.446316 33.713652, -112.423245 33.695797))",0.00016332280611139113
115-04406,US-60_EASTBOUND,32,100000035,100000036,33,"LINESTRING (-112.44641999999999 33.71355,-112.40231999999999 33.67918)",201595BA,202796,202925,33,"LINESTRING (-112.423245 33.695797, -112.446316 33.713652)","MULTILINESTRING ((-112.44641999999999 33.71355,-112.40231999999999 33.67918), (-112.423245 33.695797, -112.446316 33.713652))",0.00022034207215072875
115-04406,US-60_EASTBOUND,32,100000035,100000036,33,"LINESTRING (-112.44641999999999 33.71355,-112.40231999999999 33.67918)",201606AB,202796,202809,33,"LINESTRING (-112.423245 33.695797, -112.412007 33.686868)","MULTILINESTRING ((-112.44641999999999 33.71355,-112.40231999999999 33.67918), (-112.423245 33.695797, -112.412007 33.686868))",0.00020274359184900868
115-04406,US-60_EASTBOUND,32,100000035,100000036,33,"LINESTRING (-112.44641999999999 33.71355,-112.40231999999999 33.67918)",201065BA,202790,202809,33,"LINESTRING (-112.405334 33.681636, -112.412007 33.686868)","MULTILINESTRING ((-112.44641999999999 33.71355,-112.40231999999999 33.67918), (-112.405334 33.681636, -112.412007 33.686868))",0.00010562802207774824
115-04406,US-60_EASTBOUND,32,100000035,100000036,33,"LINESTRING (-112.44641999999999 33.71355,-112.40231999999999 33.67918)",201065AB,202809,202790,33,"LINESTRING (-112.412007 33.686868, -112.405334 33.681636)","MULTILINESTRING ((-112.44641999999999 33.71355,-112.40231999999999 33.67918), (-112.412007 33.686868, -112.405334 33.681636))",8.935133114294979e-05
115-04405,US-60_EASTBOUND,33,100000036,100000037,34,"LINESTRING (-112.40231999999999 33.67918,-112.39128999999998 33.66989)",201342AB,202580,202734,34,"LINESTRING (-112.402696 33.679682, -112.395598 33.674156)","MULTILINESTRING ((-112.40231999999999 33.67918,-112.39128999999998 33.66989), (-112.402696 33.679682, -112.395598 33.674156))",0.00016512998657906166
115-04405,US-60_EASTBOUND,33,100000036,100000037,34,"LINESTRING (-112.40231999999999 33.67918,-112.39128999999998 33.66989)",201342BA,202734,202580,34,"LINESTRING (-112.395598 33.674156, -112.402696 33.679682)","MULTILINESTRING ((-112.40231999999999 33.67918,-112.39128999999998 33.66989), (-112.395598 33.674156, -112.402696 33.679682))",0.0002205873021061547
115-04405,US-60_EASTBOUND,33,100000036,100000037,34,"LINESTRING (-112.40231999999999 33.67918,-112.39128999999998 33.66989)",201102BA,202734,202735,34,"LINESTRING (-112.395598 33.674156, -112.390686 33.669473)","MULTILINESTRING ((-112.40231999999999 33.67918,-112.39128999999998 33.66989), (-112.395598 33.674156, -112.390686 33.669473))",0.00046984083965687486
115-04405,US-60_EASTBOUND,33,100000036,100000037,34,"LINESTRING (-112.40231999999999 33.67918,-112.39128999999998 33.66989)",201102AB,202735,202734,34,"LINESTRING (-112.390686 33.669473, -112.395598 33.674156)","MULTILINESTRING ((-112.40231999999999 33.67918,-112.39128999999998 33.66989), (-112.390686 33.669473, -112.395598 33.674156))",0.0003811220287668727
115N04405,US-60_EASTBOUND,34,100000037,100000038,35,"LINESTRING (-112.39128999999998 33.66989,-112.39031000000001 33.66907)",201102AB,202735,202734,35,"LINESTRING (-112.390686 33.669473, -112.395598 33.674156)","MULTILINESTRING ((-112.39128999999998 33.66989,-112.39031000000001 33.66907), (-112.390686 33.669473, -112.395598 33.674156))",0.00011496559609686702
115N04405,US-60_EASTBOUND,34,100000037,100000038,35,"LINESTRING (-112.39128999999998 33.66989,-112.39031000000001 33.66907)",201102BA,202734,202735,35,"LINESTRING (-112.395598 33.674156, -112.390686 33.669473)","MULTILINESTRING ((-112.39128999999998 33.66989,-112.39031000000001 33.66907), (-112.395598 33.674156, -112.390686 33.669473))",9.84183349914265e-05
115N04405,US-60_EASTBOUND,34,100000037,100000038,35,"LINESTRING (-112.39128999999998 33.66989,-112.39031000000001 33.66907)",201533BA,202504,202735,35,"LINESTRING (-112.373609 33.656892, -112.390686 33.669473)","MULTILINESTRING ((-112.39128999999998 33.66989,-112.39031000000001 33.66907), (-112.373609 33.656892, -112.390686 33.669473))",3.1189306857289716e-05
115N04405,US-60_EASTBOUND,34,100000037,100000038,35,"LINESTRING (-112.39128999999998 33.66989,-112.39031000000001 33.66907)",201533AB,202735,202504,35,"LINESTRING (-112.390686 33.669473, -112.373609 33.656892)","MULTILINESTRING ((-112.39128999999998 33.66989,-112.39031000000001 33.66907), (-112.390686 33.669473, -112.373609 33.656892))",7.776384376295491e-05
115-04404,US-60_EASTBOUND,35,100000038,100000039,36,"LINESTRING (-112.39031000000001 33.66907,-112.37369 33.6568)",201533AB,202735,202504,36,"LINESTRING (-112.390686 33.669473, -112.373609 33.656892)","MULTILINESTRING ((-112.39031000000001 33.66907,-112.37369 33.6568), (-112.390686 33.669473, -112.373609 33.656892))",0.00010143687075121458
115-04404,US-60_EASTBOUND,35,100000038,100000039,36,"LINESTRING (-112.39031000000001 33.66907,-112.37369 33.6568)",201533BA,202504,202735,36,"LINESTRING (-112.373609 33.656892, -112.390686 33.669473)","MULTILINESTRING ((-112.39031000000001 33.66907,-112.37369 33.6568), (-112.373609 33.656892, -112.390686 33.669473))",0.00010557218263713676
115-04403,US-60_EASTBOUND,36,100000039,100000040,37,"LINESTRING (-112.37369 33.6568,-112.35811000000001 33.6446)",201533BA,202504,202735,37,"LINESTRING (-112.373609 33.656892, -112.390686 33.669473)","MULTILINESTRING ((-112.37369 33.6568,-112.35811000000001 33.6446), (-112.373609 33.656892, -112.390686 33.669473))",6.385033295716786e-07
115-04403,US-60_EASTBOUND,36,100000039,100000040,37,"LINESTRING (-112.37369 33.6568,-112.35811000000001 33.6446)",201541AB,202516,202504,37,"LINESTRING (-112.370098 33.65419, -112.373609 33.656892)","MULTILINESTRING ((-112.37369 33.6568,-112.35811000000001 33.6446), (-112.370098 33.65419, -112.373609 33.656892))",0.00013894595092189366
115-04403,US-60_EASTBOUND,36,100000039,100000040,37,"LINESTRING (-112.37369 33.6568,-112.35811000000001 33.6446)",201500AB,202516,202525,37,"LINESTRING (-112.370098 33.65419, -112.359637 33.645901)","MULTILINESTRING ((-112.37369 33.6568,-112.35811000000001 33.6446), (-112.370098 33.65419, -112.359637 33.645901))",0.00015099763162792728
115-04403,US-60_EASTBOUND,36,100000039,100000040,37,"LINESTRING (-112.37369 33.6568,-112.35811000000001 33.6446)",201500BA,202525,202516,37,"LINESTRING (-112.359637 33.645901, -112.370098 33.65419)","MULTILINESTRING ((-112.37369 33.6568,-112.35811000000001 33.6446), (-112.359637 33.645901, -112.370098 33.65419))",0.00011686793758784241
115-04403,US-60_EASTBOUND,36,100000039,100000040,37,"LINESTRING (-112.37369 33.6568,-112.35811000000001 33.6446)",201558AB,202525,202499,37,"LINESTRING (-112.359637 33.645901, -112.350235 33.638677)","MULTILINESTRING ((-112.37369 33.6568,-112.35811000000001 33.6446), (-112.359637 33.645901, -112.350235 33.638677))",7.933250226777095e-05
115-04402,US-60_EASTBOUND,37,100000040,100000041,38,"LINESTRING (-112.35811000000001 33.6446,-112.35304 33.640570000000004)",201558BA,202499,202525,38,"LINESTRING (-112.350235 33.638677, -112.359637 33.645901)","MULTILINESTRING ((-112.35811000000001 33.6446,-112.35304 33.640570000000004), (-112.350235 33.638677, -112.359637 33.645901))",0.00010128817935997472
115-04402,US-60_EASTBOUND,37,100000040,100000041,38,"LINESTRING (-112.35811000000001 33.6446,-112.35304 33.640570000000004)",201558AB,202525,202499,38,"LINESTRING (-112.359637 33.645901, -112.350235 33.638677)","MULTILINESTRING ((-112.35811000000001 33.6446,-112.35304 33.640570000000004), (-112.359637 33.645901, -112.350235 33.638677))",0.00011195193069494707
115N04402,US-60_EASTBOUND,38,100000041,100000042,39,"LINESTRING (-112.35304 33.640570000000004,-112.34633000000001 33.63539)",201558AB,202525,202499,39,"LINESTRING (-112.359637 33.645901, -112.350235 33.638677)","MULTILINESTRING ((-112.35304 33.640570000000004,-112.34633000000001 33.63539), (-112.359637 33.645901, -112.350235 33.638677))",0.00020792569269801245
115N04402,US-60_EASTBOUND,38,100000041,100000042,39,"LINESTRING (-112.35304 33.640570000000004,-112.34633000000001 33.63539)",201558BA,202499,202525,39,"LINESTRING (-112.350235 33.638677, -112.359637 33.645901)","MULTILINESTRING ((-112.35304 33.640570000000004,-112.34633000000001 33.63539), (-112.350235 33.638677, -112.359637 33.645901))",0.00021179385173010482
115N04402,US-60_EASTBOUND,38,100000041,100000042,39,"LINESTRING (-112.35304 33.640570000000004,-112.34633000000001 33.63539)",201559AB,202499,202502,39,"LINESTRING (-112.350235 33.638677, -112.35506 33.638642)","MULTILINESTRING ((-112.35304 33.640570000000004,-112.34633000000001 33.63539), (-112.350235 33.638677, -112.35506 33.638642))",0.00017811759367738312
115N04402,US-60_EASTBOUND,38,100000041,100000042,39,"LINESTRING (-112.35304 33.640570000000004,-112.34633000000001 33.63539)",201551AB,202499,202497,39,"LINESTRING (-112.350235 33.638677, -112.342088 33.632453)","MULTILINESTRING ((-112.35304 33.640570000000004,-112.34633000000001 33.63539), (-112.350235 33.638677, -112.342088 33.632453))",0.00021997367932478505
115-04401,US-60_EASTBOUND,39,100000042,100000043,40,"LINESTRING (-112.34633000000001 33.63539,-112.31418000000001 33.61039)",201551AB,202499,202497,40,"LINESTRING (-112.350235 33.638677, -112.342088 33.632453)","MULTILINESTRING ((-112.34633000000001 33.63539,-112.31418000000001 33.61039), (-112.350235 33.638677, -112.342088 33.632453))",0.00024135500637242278
115-04401,US-60_EASTBOUND,39,100000042,100000043,40,"LINESTRING (-112.34633000000001 33.63539,-112.31418000000001 33.61039)",201564AB,202497,202780,40,"LINESTRING (-112.342088 33.632453, -112.330766 33.623526)","MULTILINESTRING ((-112.34633000000001 33.63539,-112.31418000000001 33.61039), (-112.342088 33.632453, -112.330766 33.623526))",0.00026529389244528585
115-04401,US-60_EASTBOUND,39,100000042,100000043,40,"LINESTRING (-112.34633000000001 33.63539,-112.31418000000001 33.61039)",201071BA,202780,202781,40,"LINESTRING (-112.330766 33.623526, -112.323802 33.618066)","MULTILINESTRING ((-112.34633000000001 33.63539,-112.31418000000001 33.61039), (-112.330766 33.623526, -112.323802 33.618066))",0.00018521879809134273
115-04401,US-60_EASTBOUND,39,100000042,100000043,40,"LINESTRING (-112.34633000000001 33.63539,-112.31418000000001 33.61039)",201071AB,202781,202780,40,"LINESTRING (-112.323802 33.618066, -112.330766 33.623526)","MULTILINESTRING ((-112.34633000000001 33.63539,-112.31418000000001 33.61039), (-112.323802 33.618066, -112.330766 33.623526))",0.0001689574987937919
115-04401,US-60_EASTBOUND,39,100000042,100000043,40,"LINESTRING (-112.34633000000001 33.63539,-112.31418000000001 33.61039)",201746AB,202781,202384,40,"LINESTRING (-112.323802 33.618066, -112.319654 33.614819)","MULTILINESTRING ((-112.34633000000001 33.63539,-112.31418000000001 33.61039), (-112.323802 33.618066, -112.319654 33.614819))",0.00014566926327106737
115-04401,US-60_EASTBOUND,39,100000042,100000043,40,"LINESTRING (-112.34633000000001 33.63539,-112.31418000000001 33.61039)",201748AB,202384,202387,40,"LINESTRING (-112.319654 33.614819, -112.31406 33.610464)","MULTILINESTRING ((-112.34633000000001 33.63539,-112.31418000000001 33.61039), (-112.319654 33.614819, -112.31406 33.610464))",0.00013441023684468198
115-04400,US-60_EASTBOUND,40,100000043,100000044,41,"LINESTRING (-112.31418000000001 33.61039,-112.2987 33.605129999999996)",201748AB,202384,202387,41,"LINESTRING (-112.319654 33.614819, -112.31406 33.610464)","MULTILINESTRING ((-112.31418000000001 33.61039,-112.2987 33.605129999999996), (-112.319654 33.614819, -112.31406 33.610464))",9.100678025332518e-05
115-04400,US-60_EASTBOUND,40,100000043,100000044,41,"LINESTRING (-112.31418000000001 33.61039,-112.2987 33.605129999999996)",201737AB,202387,202389,41,"LINESTRING (-112.31406 33.610464, -112.312162 33.609222)","MULTILINESTRING ((-112.31418000000001 33.61039,-112.2987 33.605129999999996), (-112.31406 33.610464, -112.312162 33.609222))",0.0002798524796450695
115-04400,US-60_EASTBOUND,40,100000043,100000044,41,"LINESTRING (-112.31418000000001 33.61039,-112.2987 33.605129999999996)",201755AB,202389,202388,41,"LINESTRING (-112.312162 33.609222, -112.307253 33.607671)","MULTILINESTRING ((-112.31418000000001 33.61039,-112.2987 33.605129999999996), (-112.312162 33.609222, -112.307253 33.607671))",0.0004353804116378976
115-04400,US-60_EASTBOUND,40,100000043,100000044,41,"LINESTRING (-112.31418000000001 33.61039,-112.2987 33.605129999999996)",201754BA,202405,202388,41,"LINESTRING (-112.298682 33.605253, -112.307253 33.607671)","MULTILINESTRING ((-112.31418000000001 33.61039,-112.2987 33.605129999999996), (-112.298682 33.605253, -112.307253 33.607671))",0.0003063992633700328
115-04400,US-60_EASTBOUND,40,100000043,100000044,41,"LINESTRING (-112.31418000000001 33.61039,-112.2987 33.605129999999996)",201754AB,202388,202405,41,"LINESTRING (-112.307253 33.607671, -112.298682 33.605253)","MULTILINESTRING ((-112.31418000000001 33.61039,-112.2987 33.605129999999996), (-112.307253 33.607671, -112.298682 33.605253))",0.0001345328948218233
115-04399,US-60_EASTBOUND,41,100000044,100000045,42,"LINESTRING (-112.2987 33.605129999999996,-112.28983999999998 33.60255)",201709BA,202404,202405,42,"LINESTRING (-112.293598 33.603787, -112.298682 33.605253)","MULTILINESTRING ((-112.2987 33.605129999999996,-112.28983999999998 33.60255), (-112.293598 33.603787, -112.298682 33.605253))",1.755613078190928e-05
115-04399,US-60_EASTBOUND,41,100000044,100000045,42,"LINESTRING (-112.2987 33.605129999999996,-112.28983999999998 33.60255)",201709AB,202405,202404,42,"LINESTRING (-112.298682 33.605253, -112.293598 33.603787)","MULTILINESTRING ((-112.2987 33.605129999999996,-112.28983999999998 33.60255), (-112.298682 33.605253, -112.293598 33.603787))",0.00012559021544229673
115-04399,US-60_EASTBOUND,41,100000044,100000045,42,"LINESTRING (-112.2987 33.605129999999996,-112.28983999999998 33.60255)",201794AB,202373,202404,42,"LINESTRING (-112.289875 33.602686, -112.293598 33.603787)","MULTILINESTRING ((-112.2987 33.605129999999996,-112.28983999999998 33.60255), (-112.289875 33.602686, -112.293598 33.603787))",0.00013589602976181336
115-04398,US-60_EASTBOUND,42,100000045,100000046,43,"LINESTRING (-112.28983999999998 33.60255,-112.27198 33.597359999999995)",201797BA,202372,202373,43,"LINESTRING (-112.281216 33.600144, -112.289875 33.602686)","MULTILINESTRING ((-112.28983999999998 33.60255,-112.27198 33.597359999999995), (-112.281216 33.600144, -112.289875 33.602686))",3.620138632784668e-05
115-04398,US-60_EASTBOUND,42,100000045,100000046,43,"LINESTRING (-112.28983999999998 33.60255,-112.27198 33.597359999999995)",201797AB,202373,202372,43,"LINESTRING (-112.289875 33.602686, -112.281216 33.600144)","MULTILINESTRING ((-112.28983999999998 33.60255,-112.27198 33.597359999999995), (-112.289875 33.602686, -112.281216 33.600144))",0.00011553803044509075
115-04398,US-60_EASTBOUND,42,100000045,100000046,43,"LINESTRING (-112.28983999999998 33.60255,-112.27198 33.597359999999995)",201795BA,202371,202372,43,"LINESTRING (-112.272035 33.597462, -112.281216 33.600144)","MULTILINESTRING ((-112.28983999999998 33.60255,-112.27198 33.597359999999995), (-112.272035 33.597462, -112.281216 33.600144))",9.561355883405857e-05
115-04398,US-60_EASTBOUND,42,100000045,100000046,43,"LINESTRING (-112.28983999999998 33.60255,-112.27198 33.597359999999995)",201795AB,202372,202371,43,"LINESTRING (-112.281216 33.600144, -112.272035 33.597462)","MULTILINESTRING ((-112.28983999999998 33.60255,-112.27198 33.597359999999995), (-112.281216 33.600144, -112.272035 33.597462))",9.298797253605192e-05
115-04397,US-60_EASTBOUND,43,100000046,100000047,44,"LINESTRING (-112.27198 33.597359999999995,-112.26102 33.59408)",201807AB,202371,202425,44,"LINESTRING (-112.272035 33.597462, -112.270552 33.597029)","MULTILINESTRING ((-112.27198 33.597359999999995,-112.26102 33.59408), (-112.272035 33.597462, -112.270552 33.597029))",6.372737548755183e-05
115-04397,US-60_EASTBOUND,43,100000046,100000047,44,"LINESTRING (-112.27198 33.597359999999995,-112.26102 33.59408)",201807BA,202425,202371,44,"LINESTRING (-112.270552 33.597029, -112.272035 33.597462)","MULTILINESTRING ((-112.27198 33.597359999999995,-112.26102 33.59408), (-112.270552 33.597029, -112.272035 33.597462))",9.017100843447793e-05
115-04397,US-60_EASTBOUND,43,100000046,100000047,44,"LINESTRING (-112.27198 33.597359999999995,-112.26102 33.59408)",201695AB,202426,202425,44,"LINESTRING (-112.261109 33.59424, -112.270552 33.597029)","MULTILINESTRING ((-112.27198 33.597359999999995,-112.26102 33.59408), (-112.261109 33.59424, -112.270552 33.597029))",9.528280985314452e-05
115-04397,US-60_EASTBOUND,43,100000046,100000047,44,"LINESTRING (-112.27198 33.597359999999995,-112.26102 33.59408)",201695BA,202425,202426,44,"LINESTRING (-112.270552 33.597029, -112.261109 33.59424)","MULTILINESTRING ((-112.27198 33.597359999999995,-112.26102 33.59408), (-112.270552 33.597029, -112.261109 33.59424))",9.940214184515453e-05
115+04398,US-60_WESTBOUND,44,100000048,100000049,45,"LINESTRING (-112.26098 33.59422,-112.27207 33.597559999999994)",202038AB,202426,202236,45,"LINESTRING (-112.261109 33.59424, -112.260992 33.594175)","MULTILINESTRING ((-112.26098 33.59422,-112.27207 33.597559999999994), (-112.261109 33.59424, -112.260992 33.594175))",4.516479259894142e-05
115+04398,US-60_WESTBOUND,44,100000048,100000049,45,"LINESTRING (-112.26098 33.59422,-112.27207 33.597559999999994)",201695BA,202425,202426,45,"LINESTRING (-112.270552 33.597029, -112.261109 33.59424)","MULTILINESTRING ((-112.26098 33.59422,-112.27207 33.597559999999994), (-112.270552 33.597029, -112.261109 33.59424))",2.3550269741487698e-05
115+04398,US-60_WESTBOUND,44,100000048,100000049,45,"LINESTRING (-112.26098 33.59422,-112.27207 33.597559999999994)",201695AB,202426,202425,45,"LINESTRING (-112.261109 33.59424, -112.270552 33.597029)","MULTILINESTRING ((-112.26098 33.59422,-112.27207 33.597559999999994), (-112.261109 33.59424, -112.270552 33.597029))",3.5932843578129253e-05
115+04398,US-60_WESTBOUND,44,100000048,100000049,45,"LINESTRING (-112.26098 33.59422,-112.27207 33.597559999999994)",201807AB,202371,202425,45,"LINESTRING (-112.272035 33.597462, -112.270552 33.597029)","MULTILINESTRING ((-112.26098 33.59422,-112.27207 33.597559999999994), (-112.272035 33.597462, -112.270552 33.597029))",7.447246156544204e-05
115+04399,US-60_WESTBOUND,45,100000049,100000050,46,"LINESTRING (-112.27207 33.597559999999994,-112.29003 33.60279)",201795AB,202372,202371,46,"LINESTRING (-112.281216 33.600144, -112.272035 33.597462)","MULTILINESTRING ((-112.27207 33.597559999999994,-112.29003 33.60279), (-112.281216 33.600144, -112.272035 33.597462))",6.98072995231744e-05
115+04399,US-60_WESTBOUND,45,100000049,100000050,46,"LINESTRING (-112.27207 33.597559999999994,-112.29003 33.60279)",201795BA,202371,202372,46,"LINESTRING (-112.272035 33.597462, -112.281216 33.600144)","MULTILINESTRING ((-112.27207 33.597559999999994,-112.29003 33.60279), (-112.272035 33.597462, -112.281216 33.600144))",8.107398134041763e-05
115+04399,US-60_WESTBOUND,45,100000049,100000050,46,"LINESTRING (-112.27207 33.597559999999994,-112.29003 33.60279)",201797BA,202372,202373,46,"LINESTRING (-112.281216 33.600144, -112.289875 33.602686)","MULTILINESTRING ((-112.27207 33.597559999999994,-112.29003 33.60279), (-112.281216 33.600144, -112.289875 33.602686))",7.242863770943511e-05
115+04399,US-60_WESTBOUND,45,100000049,100000050,46,"LINESTRING (-112.27207 33.597559999999994,-112.29003 33.60279)",201797AB,202373,202372,46,"LINESTRING (-112.289875 33.602686, -112.281216 33.600144)","MULTILINESTRING ((-112.27207 33.597559999999994,-112.29003 33.60279), (-112.289875 33.602686, -112.281216 33.600144))",6.835358079450887e-05
115+04400,US-60_WESTBOUND,46,100000050,100000051,47,"LINESTRING (-112.29003 33.60279,-112.2987 33.605309999999996)",201794AB,202373,202404,47,"LINESTRING (-112.289875 33.602686, -112.293598 33.603787)","MULTILINESTRING ((-112.29003 33.60279,-112.2987 33.605309999999996), (-112.289875 33.602686, -112.293598 33.603787))",5.577419033772489e-05
115+04400,US-60_WESTBOUND,46,100000050,100000051,47,"LINESTRING (-112.29003 33.60279,-112.2987 33.605309999999996)",201794BA,202404,202373,47,"LINESTRING (-112.293598 33.603787, -112.289875 33.602686)","MULTILINESTRING ((-112.29003 33.60279,-112.2987 33.605309999999996), (-112.293598 33.603787, -112.289875 33.602686))",3.8907248062049985e-05
115+04400,US-60_WESTBOUND,46,100000050,100000051,47,"LINESTRING (-112.29003 33.60279,-112.2987 33.605309999999996)",201709AB,202405,202404,47,"LINESTRING (-112.298682 33.605253, -112.293598 33.603787)","MULTILINESTRING ((-112.29003 33.60279,-112.2987 33.605309999999996), (-112.298682 33.605253, -112.293598 33.603787))",4.019357114194942e-05
115+04400,US-60_WESTBOUND,46,100000050,100000051,47,"LINESTRING (-112.29003 33.60279,-112.2987 33.605309999999996)",201709BA,202404,202405,47,"LINESTRING (-112.293598 33.603787, -112.298682 33.605253)","MULTILINESTRING ((-112.29003 33.60279,-112.2987 33.605309999999996), (-112.293598 33.603787, -112.298682 33.605253))",4.594620158951792e-05
115+04401,US-60_WESTBOUND,47,100000051,100000052,48,"LINESTRING (-112.2987 33.605309999999996,-112.31403999999999 33.61053)",201754AB,202388,202405,48,"LINESTRING (-112.307253 33.607671, -112.298682 33.605253)","MULTILINESTRING ((-112.2987 33.605309999999996,-112.31403999999999 33.61053), (-112.307253 33.607671, -112.298682 33.605253))",3.5944572712056714e-05
115+04401,US-60_WESTBOUND,47,100000051,100000052,48,"LINESTRING (-112.2987 33.605309999999996,-112.31403999999999 33.61053)",201754BA,202405,202388,48,"LINESTRING (-112.298682 33.605253, -112.307253 33.607671)","MULTILINESTRING ((-112.2987 33.605309999999996,-112.31403999999999 33.61053), (-112.298682 33.605253, -112.307253 33.607671))",0.00013585611507571725
115+04401,US-60_WESTBOUND,47,100000051,100000052,48,"LINESTRING (-112.2987 33.605309999999996,-112.31403999999999 33.61053)",201755AB,202389,202388,48,"LINESTRING (-112.312162 33.609222, -112.307253 33.607671)","MULTILINESTRING ((-112.2987 33.605309999999996,-112.31403999999999 33.61053), (-112.312162 33.609222, -112.307253 33.607671))",0.0005390509795987357
115+04401,US-60_WESTBOUND,47,100000051,100000052,48,"LINESTRING (-112.2987 33.605309999999996,-112.31403999999999 33.61053)",201737BA,202389,202387,48,"LINESTRING (-112.312162 33.609222, -112.31406 33.610464)","MULTILINESTRING ((-112.2987 33.605309999999996,-112.31403999999999 33.61053), (-112.312162 33.609222, -112.31406 33.610464))",0.00046933934614107656
115+04402,US-60_WESTBOUND,48,100000052,100000053,49,"LINESTRING (-112.31403999999999 33.61053,-112.34602 33.635459999999995)",201748BA,202387,202384,49,"LINESTRING (-112.31406 33.610464, -112.319654 33.614819)","MULTILINESTRING ((-112.31403999999999 33.61053,-112.34602 33.635459999999995), (-112.31406 33.610464, -112.319654 33.614819))",2.4073327884751195e-05
115+04402,US-60_WESTBOUND,48,100000052,100000053,49,"LINESTRING (-112.31403999999999 33.61053,-112.34602 33.635459999999995)",201748AB,202384,202387,49,"LINESTRING (-112.319654 33.614819, -112.31406 33.610464)","MULTILINESTRING ((-112.31403999999999 33.61053,-112.34602 33.635459999999995), (-112.319654 33.614819, -112.31406 33.610464))",6.698161410688317e-05
115+04402,US-60_WESTBOUND,48,100000052,100000053,49,"LINESTRING (-112.31403999999999 33.61053,-112.34602 33.635459999999995)",201746AB,202781,202384,49,"LINESTRING (-112.323802 33.618066, -112.319654 33.614819)","MULTILINESTRING ((-112.31403999999999 33.61053,-112.34602 33.635459999999995), (-112.323802 33.618066, -112.319654 33.614819))",6.682241134291282e-05
115+04402,US-60_WESTBOUND,48,100000052,100000053,49,"LINESTRING (-112.31403999999999 33.61053,-112.34602 33.635459999999995)",201746BA,202384,202781,49,"LINESTRING (-112.319654 33.614819, -112.323802 33.618066)","MULTILINESTRING ((-112.31403999999999 33.61053,-112.34602 33.635459999999995), (-112.319654 33.614819, -112.323802 33.618066))",5.867050313805748e-05
115+04402,US-60_WESTBOUND,48,100000052,100000053,49,"LINESTRING (-112.31403999999999 33.61053,-112.34602 33.635459999999995)",201071AB,202781,202780,49,"LINESTRING (-112.323802 33.618066, -112.330766 33.623526)","MULTILINESTRING ((-112.31403999999999 33.61053,-112.34602 33.635459999999995), (-112.323802 33.618066, -112.330766 33.623526))",4.751870326106814e-05
115+04402,US-60_WESTBOUND,48,100000052,100000053,49,"LINESTRING (-112.31403999999999 33.61053,-112.34602 33.635459999999995)",201564BA,202780,202497,49,"LINESTRING (-112.330766 33.623526, -112.342088 33.632453)","MULTILINESTRING ((-112.31403999999999 33.61053,-112.34602 33.635459999999995), (-112.330766 33.623526, -112.342088 33.632453))",1.6333044552667732e-05
115+04402,US-60_WESTBOUND,48,100000052,100000053,49,"LINESTRING (-112.31403999999999 33.61053,-112.34602 33.635459999999995)",201564AB,202497,202780,49,"LINESTRING (-112.342088 33.632453, -112.330766 33.623526)","MULTILINESTRING ((-112.31403999999999 33.61053,-112.34602 33.635459999999995), (-112.342088 33.632453, -112.330766 33.623526))",6.055620696593361e-06
115+04402,US-60_WESTBOUND,48,100000052,100000053,49,"LINESTRING (-112.31403999999999 33.61053,-112.34602 33.635459999999995)",201551AB,202499,202497,49,"LINESTRING (-112.350235 33.638677, -112.342088 33.632453)","MULTILINESTRING ((-112.31403999999999 33.61053,-112.34602 33.635459999999995), (-112.350235 33.638677, -112.342088 33.632453))",3.7148165936661036e-05
115P04402,US-60_WESTBOUND,49,100000053,100000054,50,"LINESTRING (-112.34602 33.635459999999995,-112.35248 33.64051)",201551AB,202499,202497,50,"LINESTRING (-112.350235 33.638677, -112.342088 33.632453)","MULTILINESTRING ((-112.34602 33.635459999999995,-112.35248 33.64051), (-112.350235 33.638677, -112.342088 33.632453))",2.4639099597479314e-06
115P04402,US-60_WESTBOUND,49,100000053,100000054,50,"LINESTRING (-112.34602 33.635459999999995,-112.35248 33.64051)",201551BA,202497,202499,50,"LINESTRING (-112.342088 33.632453, -112.350235 33.638677)","MULTILINESTRING ((-112.34602 33.635459999999995,-112.35248 33.64051), (-112.342088 33.632453, -112.350235 33.638677))",2.983241823384307e-05
115P04402,US-60_WESTBOUND,49,100000053,100000054,50,"LINESTRING (-112.34602 33.635459999999995,-112.35248 33.64051)",201558BA,202499,202525,50,"LINESTRING (-112.350235 33.638677, -112.359637 33.645901)","MULTILINESTRING ((-112.34602 33.635459999999995,-112.35248 33.64051), (-112.350235 33.638677, -112.359637 33.645901))",6.511603445688734e-05
115+04403,US-60_WESTBOUND,50,100000054,100000055,51,"LINESTRING (-112.35248 33.64051,-112.35796 33.644729999999996)",201558AB,202525,202499,51,"LINESTRING (-112.359637 33.645901, -112.350235 33.638677)","MULTILINESTRING ((-112.35248 33.64051,-112.35796 33.644729999999996), (-112.359637 33.645901, -112.350235 33.638677))",8.568802151077784e-05
115+04403,US-60_WESTBOUND,50,100000054,100000055,51,"LINESTRING (-112.35248 33.64051,-112.35796 33.644729999999996)",201558BA,202499,202525,51,"LINESTRING (-112.350235 33.638677, -112.359637 33.645901)","MULTILINESTRING ((-112.35248 33.64051,-112.35796 33.644729999999996), (-112.350235 33.638677, -112.359637 33.645901))",8.79378691113119e-05
115+04404,US-60_WESTBOUND,51,100000055,100000056,52,"LINESTRING (-112.35796 33.644729999999996,-112.37361000000001 33.65698)",201558AB,202525,202499,52,"LINESTRING (-112.359637 33.645901, -112.350235 33.638677)","MULTILINESTRING ((-112.35796 33.644729999999996,-112.37361000000001 33.65698), (-112.359637 33.645901, -112.350235 33.638677))",9.31875135011519e-05
115+04404,US-60_WESTBOUND,51,100000055,100000056,52,"LINESTRING (-112.35796 33.644729999999996,-112.37361000000001 33.65698)",201558BA,202499,202525,52,"LINESTRING (-112.350235 33.638677, -112.359637 33.645901)","MULTILINESTRING ((-112.35796 33.644729999999996,-112.37361000000001 33.65698), (-112.350235 33.638677, -112.359637 33.645901))",0.00011105826652128137
115+04404,US-60_WESTBOUND,51,100000055,100000056,52,"LINESTRING (-112.35796 33.644729999999996,-112.37361000000001 33.65698)",201500AB,202516,202525,52,"LINESTRING (-112.370098 33.65419, -112.359637 33.645901)","MULTILINESTRING ((-112.35796 33.644729999999996,-112.37361000000001 33.65698), (-112.370098 33.65419, -112.359637 33.645901))",0.00010007573790988206
115+04404,US-60_WESTBOUND,51,100000055,100000056,52,"LINESTRING (-112.35796 33.644729999999996,-112.37361000000001 33.65698)",201500BA,202525,202516,52,"LINESTRING (-112.359637 33.645901, -112.370098 33.65419)","MULTILINESTRING ((-112.35796 33.644729999999996,-112.37361000000001 33.65698), (-112.359637 33.645901, -112.370098 33.65419))",4.1050845874197605e-05
115+04404,US-60_WESTBOUND,51,100000055,100000056,52,"LINESTRING (-112.35796 33.644729999999996,-112.37361000000001 33.65698)",201541AB,202516,202504,52,"LINESTRING (-112.370098 33.65419, -112.373609 33.656892)","MULTILINESTRING ((-112.35796 33.644729999999996,-112.37361000000001 33.65698), (-112.370098 33.65419, -112.373609 33.656892))",3.647032700697378e-05
115+04405,US-60_WESTBOUND,52,100000056,100000057,53,"LINESTRING (-112.37361000000001 33.65698,-112.38904 33.66831)",201533BA,202504,202735,53,"LINESTRING (-112.373609 33.656892, -112.390686 33.669473)","MULTILINESTRING ((-112.37361000000001 33.65698,-112.38904 33.66831), (-112.373609 33.656892, -112.390686 33.669473))",7.025584400919181e-05
115+04405,US-60_WESTBOUND,52,100000056,100000057,53,"LINESTRING (-112.37361000000001 33.65698,-112.38904 33.66831)",201533AB,202735,202504,53,"LINESTRING (-112.390686 33.669473, -112.373609 33.656892)","MULTILINESTRING ((-112.37361000000001 33.65698,-112.38904 33.66831), (-112.390686 33.669473, -112.373609 33.656892))",6.419841403410995e-05
115P04405,US-60_WESTBOUND,53,100000057,100000058,54,"LINESTRING (-112.38904 33.66831,-112.39062 33.66959)",201533BA,202504,202735,54,"LINESTRING (-112.373609 33.656892, -112.390686 33.669473)","MULTILINESTRING ((-112.38904 33.66831,-112.39062 33.66959), (-112.373609 33.656892, -112.390686 33.669473))",3.996869413950218e-05
115P04405,US-60_WESTBOUND,53,100000057,100000058,54,"LINESTRING (-112.38904 33.66831,-112.39062 33.66959)",201533AB,202735,202504,54,"LINESTRING (-112.390686 33.669473, -112.373609 33.656892)","MULTILINESTRING ((-112.38904 33.66831,-112.39062 33.66959), (-112.390686 33.669473, -112.373609 33.656892))",4.930621839048125e-05
115+04406,US-60_WESTBOUND,54,100000058,100000059,55,"LINESTRING (-112.39062 33.66959,-112.40558999999999 33.68197)",201102AB,202735,202734,55,"LINESTRING (-112.390686 33.669473, -112.395598 33.674156)","MULTILINESTRING ((-112.39062 33.66959,-112.40558999999999 33.68197), (-112.390686 33.669473, -112.395598 33.674156))",5.7852380665717095e-05
115+04406,US-60_WESTBOUND,54,100000058,100000059,55,"LINESTRING (-112.39062 33.66959,-112.40558999999999 33.68197)",201102BA,202734,202735,55,"LINESTRING (-112.395598 33.674156, -112.390686 33.669473)","MULTILINESTRING ((-112.39062 33.66959,-112.40558999999999 33.68197), (-112.395598 33.674156, -112.390686 33.669473))",6.721017106147888e-06
115+04406,US-60_WESTBOUND,54,100000058,100000059,55,"LINESTRING (-112.39062 33.66959,-112.40558999999999 33.68197)",201342BA,202734,202580,55,"LINESTRING (-112.395598 33.674156, -112.402696 33.679682)","MULTILINESTRING ((-112.39062 33.66959,-112.40558999999999 33.68197), (-112.395598 33.674156, -112.402696 33.679682))",0.0003158740477815609
115+04406,US-60_WESTBOUND,54,100000058,100000059,55,"LINESTRING (-112.39062 33.66959,-112.40558999999999 33.68197)",201342AB,202580,202734,55,"LINESTRING (-112.402696 33.679682, -112.395598 33.674156)","MULTILINESTRING ((-112.39062 33.66959,-112.40558999999999 33.68197), (-112.402696 33.679682, -112.395598 33.674156))",0.0002586338326437034
115+04406,US-60_WESTBOUND,54,100000058,100000059,55,"LINESTRING (-112.39062 33.66959,-112.40558999999999 33.68197)",201351AB,202577,202575,55,"LINESTRING (-112.404774 33.681245, -112.403932 33.680592)","MULTILINESTRING ((-112.39062 33.66959,-112.40558999999999 33.68197), (-112.404774 33.681245, -112.403932 33.680592))",1.1962961498100922e-05
115+05201,US-60_WESTBOUND,55,100000059,100000060,56,"LINESTRING (-112.40558999999999 33.68197,-112.44622 33.71372)",201065AB,202809,202790,56,"LINESTRING (-112.412007 33.686868, -112.405334 33.681636)","MULTILINESTRING ((-112.40558999999999 33.68197,-112.44622 33.71372), (-112.412007 33.686868, -112.405334 33.681636))",0.00010488647322974516
115+05201,US-60_WESTBOUND,55,100000059,100000060,56,"LINESTRING (-112.40558999999999 33.68197,-112.44622 33.71372)",201606AB,202796,202809,56,"LINESTRING (-112.423245 33.695797, -112.412007 33.686868)","MULTILINESTRING ((-112.40558999999999 33.68197,-112.44622 33.71372), (-112.423245 33.695797, -112.412007 33.686868))",7.370490921424885e-05
115+05201,US-60_WESTBOUND,55,100000059,100000060,56,"LINESTRING (-112.40558999999999 33.68197,-112.44622 33.71372)",201606BA,202809,202796,56,"LINESTRING (-112.412007 33.686868, -112.423245 33.695797)","MULTILINESTRING ((-112.40558999999999 33.68197,-112.44622 33.71372), (-112.412007 33.686868, -112.423245 33.695797))",9.603239371215835e-06
115+05201,US-60_WESTBOUND,55,100000059,100000060,56,"LINESTRING (-112.40558999999999 33.68197,-112.44622 33.71372)",201595AB,202925,202796,56,"LINESTRING (-112.446316 33.713652, -112.423245 33.695797)","MULTILINESTRING ((-112.40558999999999 33.68197,-112.44622 33.71372), (-112.446316 33.713652, -112.423245 33.695797))",8.394434215591176e-06
115+05201,US-60_WESTBOUND,55,100000059,100000060,56,"LINESTRING (-112.40558999999999 33.68197,-112.44622 33.71372)",201595BA,202796,202925,56,"LINESTRING (-112.423245 33.695797, -112.446316 33.713652)","MULTILINESTRING ((-112.40558999999999 33.68197,-112.44622 33.71372), (-112.423245 33.695797, -112.446316 33.713652))",1.579082706295671e-05
115+05202,US-60_WESTBOUND,56,100000060,100000061,57,"LINESTRING (-112.44622 33.71372,-112.46255 33.72648)",201595AB,202925,202796,57,"LINESTRING (-112.446316 33.713652, -112.423245 33.695797)","MULTILINESTRING ((-112.44622 33.71372,-112.46255 33.72648), (-112.446316 33.713652, -112.423245 33.695797))",0.00011253187214798076
115+05202,US-60_WESTBOUND,56,100000060,100000061,57,"LINESTRING (-112.44622 33.71372,-112.46255 33.72648)",200821AB,202925,202923,57,"LINESTRING (-112.446316 33.713652, -112.460994 33.72531)","MULTILINESTRING ((-112.44622 33.71372,-112.46255 33.72648), (-112.446316 33.713652, -112.460994 33.72531))",9.650272613209642e-05
115+05202,US-60_WESTBOUND,56,100000060,100000061,57,"LINESTRING (-112.44622 33.71372,-112.46255 33.72648)",200821BA,202923,202925,57,"LINESTRING (-112.460994 33.72531, -112.446316 33.713652)","MULTILINESTRING ((-112.44622 33.71372,-112.46255 33.72648), (-112.460994 33.72531, -112.446316 33.713652))",2.210259761993084e-06
115+05203,US-60_WESTBOUND,57,100000061,100000062,58,"LINESTRING (-112.46255 33.72648,-112.48066999999999 33.740629999999996)",201003AB,202926,202923,58,"LINESTRING (-112.480687 33.740538, -112.460994 33.72531)","MULTILINESTRING ((-112.46255 33.72648,-112.48066999999999 33.740629999999996), (-112.480687 33.740538, -112.460994 33.72531))",2.626980957731463e-05
115+05203,US-60_WESTBOUND,57,100000061,100000062,58,"LINESTRING (-112.46255 33.72648,-112.48066999999999 33.740629999999996)",201003BA,202923,202926,58,"LINESTRING (-112.460994 33.72531, -112.480687 33.740538)","MULTILINESTRING ((-112.46255 33.72648,-112.48066999999999 33.740629999999996), (-112.460994 33.72531, -112.480687 33.740538))",1.5324999590120516e-05
115+05204,US-60_WESTBOUND,58,100000062,100000063,59,"LINESTRING (-112.48066999999999 33.740629999999996,-112.50045 33.75606)",200953AB,202926,202846,59,"LINESTRING (-112.480687 33.740538, -112.497595 33.753881)","MULTILINESTRING ((-112.48066999999999 33.740629999999996,-112.50045 33.75606), (-112.480687 33.740538, -112.497595 33.753881))",1.931471080081868e-05
115+05204,US-60_WESTBOUND,58,100000062,100000063,59,"LINESTRING (-112.48066999999999 33.740629999999996,-112.50045 33.75606)",200953BA,202846,202926,59,"LINESTRING (-112.497595 33.753881, -112.480687 33.740538)","MULTILINESTRING ((-112.48066999999999 33.740629999999996,-112.50045 33.75606), (-112.497595 33.753881, -112.480687 33.740538))",5.45783332905416e-05
115+05204,US-60_WESTBOUND,58,100000062,100000063,59,"LINESTRING (-112.48066999999999 33.740629999999996,-112.50045 33.75606)",201015AB,202846,202819,59,"LINESTRING (-112.497595 33.753881, -112.500389 33.756041)","MULTILINESTRING ((-112.48066999999999 33.740629999999996,-112.50045 33.75606), (-112.497595 33.753881, -112.500389 33.756041))",3.3224817265644346e-05
115+05205,US-60_WESTBOUND,59,100000063,100000064,60,"LINESTRING (-112.50045 33.75606,-112.52927 33.778529999999996)",201011BA,202819,202844,60,"LINESTRING (-112.500389 33.756041, -112.513857 33.766548)","MULTILINESTRING ((-112.50045 33.75606,-112.52927 33.778529999999996), (-112.500389 33.756041, -112.513857 33.766548))",2.2540804794638495e-05
115+05205,US-60_WESTBOUND,59,100000063,100000064,60,"LINESTRING (-112.50045 33.75606,-112.52927 33.778529999999996)",201011AB,202844,202819,60,"LINESTRING (-112.513857 33.766548, -112.500389 33.756041)","MULTILINESTRING ((-112.50045 33.75606,-112.52927 33.778529999999996), (-112.513857 33.766548, -112.500389 33.756041))",2.471599962498308e-05
115+05205,US-60_WESTBOUND,59,100000063,100000064,60,"LINESTRING (-112.50045 33.75606,-112.52927 33.778529999999996)",200955BA,202844,202845,60,"LINESTRING (-112.513857 33.766548, -112.529286 33.778514)","MULTILINESTRING ((-112.50045 33.75606,-112.52927 33.778529999999996), (-112.513857 33.766548, -112.529286 33.778514))",2.4400846067617937e-05
115+05205,US-60_WESTBOUND,59,100000063,100000064,60,"LINESTRING (-112.50045 33.75606,-112.52927 33.778529999999996)",200955AB,202845,202844,60,"LINESTRING (-112.529286 33.778514, -112.513857 33.766548)","MULTILINESTRING ((-112.50045 33.75606,-112.52927 33.778529999999996), (-112.529286 33.778514, -112.513857 33.766548))",1.5030923229169365e-05
115+05206,US-60_WESTBOUND,60,100000064,100000065,61,"LINESTRING (-112.52927 33.778529999999996,-112.62333000000001 33.85453)",200955AB,202845,202844,61,"LINESTRING (-112.529286 33.778514, -112.513857 33.766548)","MULTILINESTRING ((-112.52927 33.778529999999996,-112.62333000000001 33.85453), (-112.529286 33.778514, -112.513857 33.766548))",1.6222138371735192e-06
115+05206,US-60_WESTBOUND,60,100000064,100000065,61,"LINESTRING (-112.52927 33.778529999999996,-112.62333000000001 33.85453)",200974AB,202835,202837,61,"LINESTRING (-112.533347 33.781676, -112.550619 33.795236)","MULTILINESTRING ((-112.52927 33.778529999999996,-112.62333000000001 33.85453), (-112.533347 33.781676, -112.550619 33.795236))",0.00021258974228742855
115+05206,US-60_WESTBOUND,60,100000064,100000065,61,"LINESTRING (-112.52927 33.778529999999996,-112.62333000000001 33.85453)",200973BA,202837,202919,61,"LINESTRING (-112.550619 33.795236, -112.568235 33.808901)","MULTILINESTRING ((-112.52927 33.778529999999996,-112.62333000000001 33.85453), (-112.550619 33.795236, -112.568235 33.808901))",0.0006049415968558873
115+05206,US-60_WESTBOUND,60,100000064,100000065,61,"LINESTRING (-112.52927 33.778529999999996,-112.62333000000001 33.85453)",200973AB,202919,202837,61,"LINESTRING (-112.568235 33.808901, -112.550619 33.795236)","MULTILINESTRING ((-112.52927 33.778529999999996,-112.62333000000001 33.85453), (-112.568235 33.808901, -112.550619 33.795236))",0.0008448461061109537
115+05206,US-60_WESTBOUND,60,100000064,100000065,61,"LINESTRING (-112.52927 33.778529999999996,-112.62333000000001 33.85453)",200824AB,202919,202918,61,"LINESTRING (-112.568235 33.808901, -112.587407 33.823689)","MULTILINESTRING ((-112.52927 33.778529999999996,-112.62333000000001 33.85453), (-112.568235 33.808901, -112.587407 33.823689))",0.0011150374521402796
115+05206,US-60_WESTBOUND,60,100000064,100000065,61,"LINESTRING (-112.52927 33.778529999999996,-112.62333000000001 33.85453)",200824BA,202918,202919,61,"LINESTRING (-112.587407 33.823689, -112.568235 33.808901)","MULTILINESTRING ((-112.52927 33.778529999999996,-112.62333000000001 33.85453), (-112.587407 33.823689, -112.568235 33.808901))",0.001388088219746096
115+05206,US-60_WESTBOUND,60,100000064,100000065,61,"LINESTRING (-112.52927 33.778529999999996,-112.62333000000001 33.85453)",201023BA,202918,202816,61,"LINESTRING (-112.587407 33.823689, -112.622164 33.853221)","MULTILINESTRING ((-112.52927 33.778529999999996,-112.62333000000001 33.85453), (-112.587407 33.823689, -112.622164 33.853221))",0.0011387420732023841
115+05206,US-60_WESTBOUND,60,100000064,100000065,61,"LINESTRING (-112.52927 33.778529999999996,-112.62333000000001 33.85453)",201023AB,202816,202918,61,"LINESTRING (-112.622164 33.853221, -112.587407 33.823689)","MULTILINESTRING ((-112.52927 33.778529999999996,-112.62333000000001 33.85453), (-112.622164 33.853221, -112.587407 33.823689))",0.0008400122512996641
115+05939,US-60_WESTBOUND,61,100000065,100000066,62,"LINESTRING (-112.62333000000001 33.85453,-112.6332 33.86379)",201029BA,202945,202816,62,"LINESTRING (-112.633263 33.86371, -112.622164 33.853221)","MULTILINESTRING ((-112.62333000000001 33.85453,-112.6332 33.86379), (-112.633263 33.86371, -112.622164 33.853221))",0.00015050748778469962
115+05939,US-60_WESTBOUND,61,100000065,100000066,62,"LINESTRING (-112.62333000000001 33.85453,-112.6332 33.86379)",201029AB,202816,202945,62,"LINESTRING (-112.622164 33.853221, -112.633263 33.86371)","MULTILINESTRING ((-112.62333000000001 33.85453,-112.6332 33.86379), (-112.622164 33.853221, -112.633263 33.86371))",0.00014068908158965045
115+11090,US-60_WESTBOUND,62,100000066,100000067,63,"LINESTRING (-112.6332 33.86379,-112.7278 33.971109999999996)",200777BA,202945,213388,63,"LINESTRING (-112.633263 33.86371, -112.729998 33.968915)","MULTILINESTRING ((-112.6332 33.86379,-112.7278 33.971109999999996), (-112.633263 33.86371, -112.729998 33.968915))",8.46071406114853e-05
115+11090,US-60_WESTBOUND,62,100000066,100000067,63,"LINESTRING (-112.6332 33.86379,-112.7278 33.971109999999996)",200777AB,213388,202945,63,"LINESTRING (-112.729998 33.968915, -112.633263 33.86371)","MULTILINESTRING ((-112.6332 33.86379,-112.7278 33.971109999999996), (-112.729998 33.968915, -112.633263 33.86371))",0.0004008393484466265
